event_id,user_id,movie_id,movie_title,genre,session_id,event_type,event_timestamp,position_sec,segment_index,duration_sec,session_seq,total_sessions,device,tag_value,value
1863976,3236,750,Dr. Strangelove or: How I Learned to Stop Worrying and Love the Bomb (1964),Comedy,u3236-m750-s1,session_start,1996-06-06T13:25:59.809467+00:00,0.0,,7409,1,1,mobile,,
1863977,3236,750,Dr. Strangelove or: How I Learned to Stop Worrying and Love the Bomb (1964),Comedy,u3236-m750-s1,pause,1996-06-06T13:26:40.280777+00:00,0.0,0.0,7409,1,1,mobile,,
1863978,3236,750,Dr. Strangelove or: How I Learned to Stop Worrying and Love the Bomb (1964),Comedy,u3236-m750-s1,segment_watch,1996-06-06T13:28:25.601565+00:00,177.1,0.0,7409,1,1,mobile,,
1863979,3236,750,Dr. Strangelove or: How I Learned to Stop Worrying and Love the Bomb (1964),Comedy,u3236-m750-s1,pause,1996-06-06T13:30:03.245549+00:00,177.1,0.0,7409,1,1,mobile,,
1863980,3236,750,Dr. Strangelove or: How I Learned to Stop Worrying and Love the Bomb (1964),Comedy,u3236-m750-s1,pause,1996-06-06T13:31:43.967148+00:00,177.1,0.0,7409,1,1,mobile,,
1863981,3236,750,Dr. Strangelove or: How I Learned to Stop Worrying and Love the Bomb (1964),Comedy,u3236-m750-s1,pause,1996-06-06T13:32:26.610293+00:00,177.1,0.0,7409,1,1,mobile,,
1863982,3236,750,Dr. Strangelove or: How I Learned to Stop Worrying and Love the Bomb (1964),Comedy,u3236-m750-s1,pause,1996-06-06T13:33:16.427832+00:00,177.1,0.0,7409,1,1,mobile,,
1863983,3236,750,Dr. Strangelove or: How I Learned to Stop Worrying and Love the Bomb (1964),Comedy,u3236-m750-s1,pause,1996-06-06T13:33:45.834397+00:00,177.1,0.0,7409,1,1,mobile,,
1863984,3236,750,Dr. Strangelove or: How I Learned to Stop Worrying and Love the Bomb (1964),Comedy,u3236-m750-s1,seek_forward,1996-06-06T13:34:12.164113+00:00,692.6,3.0,7409,1,1,mobile,,
1863985,3236,750,Dr. Strangelove or: How I Learned to Stop Worrying and Love the Bomb (1964),Comedy,u3236-m750-s1,segment_watch,1996-06-06T13:36:54.493214+00:00,860.2,4.0,7409,1,1,mobile,,
1863986,3236,750,Dr. Strangelove or: How I Learned to Stop Worrying and Love the Bomb (1964),Comedy,u3236-m750-s1,segment_watch,1996-06-06T13:38:31.888774+00:00,1053.4,5.0,7409,1,1,mobile,,
1863987,3236,750,Dr. Strangelove or: How I Learned to Stop Worrying and Love the Bomb (1964),Comedy,u3236-m750-s1,pause,1996-06-06T13:42:52.253049+00:00,1053.4,5.0,7409,1,1,mobile,,
1863988,3236,750,Dr. Strangelove or: How I Learned to Stop Worrying and Love the Bomb (1964),Comedy,u3236-m750-s1,seek_forward,1996-06-06T13:44:12.441086+00:00,1236.4,6.0,7409,1,1,mobile,,
1863989,3236,750,Dr. Strangelove or: How I Learned to Stop Worrying and Love the Bomb (1964),Comedy,u3236-m750-s1,segment_watch,1996-06-06T13:45:47.086914+00:00,1427.3,7.0,7409,1,1,mobile,,
1863990,3236,750,Dr. Strangelove or: How I Learned to Stop Worrying and Love the Bomb (1964),Comedy,u3236-m750-s1,segment_watch,1996-06-06T13:48:49.164564+00:00,1603.9,8.0,7409,1,1,mobile,,
1863991,3236,750,Dr. Strangelove or: How I Learned to Stop Worrying and Love the Bomb (1964),Comedy,u3236-m750-s1,pause,1996-06-06T13:51:49.973633+00:00,1603.9,8.0,7409,1,1,mobile,,
1863992,3236,750,Dr. Strangelove or: How I Learned to Stop Worrying and Love the Bomb (1964),Comedy,u3236-m750-s1,pause,1996-06-06T13:52:28.918172+00:00,1603.9,8.0,7409,1,1,mobile,,
1863993,3236,750,Dr. Strangelove or: How I Learned to Stop Worrying and Love the Bomb (1964),Comedy,u3236-m750-s1,segment_watch,1996-06-06T13:55:08.723905+00:00,1782.3,9.0,7409,1,1,mobile,,
1863994,3236,750,Dr. Strangelove or: How I Learned to Stop Worrying and Love the Bomb (1964),Comedy,u3236-m750-s1,pause,1996-06-06T13:56:40.719131+00:00,1782.3,9.0,7409,1,1,mobile,,
1863995,3236,750,Dr. Strangelove or: How I Learned to Stop Worrying and Love the Bomb (1964),Comedy,u3236-m750-s1,segment_watch,1996-06-06T13:58:33.992656+00:00,1978.4,10.0,7409,1,1,mobile,,
1863996,3236,750,Dr. Strangelove or: How I Learned to Stop Worrying and Love the Bomb (1964),Comedy,u3236-m750-s1,pause,1996-06-06T13:58:43.337081+00:00,1978.4,10.0,7409,1,1,mobile,,
1863997,3236,750,Dr. Strangelove or: How I Learned to Stop Worrying and Love the Bomb (1964),Comedy,u3236-m750-s1,segment_watch,1996-06-06T14:00:45.202239+00:00,2164.3,12.0,7409,1,1,mobile,,
1863998,3236,750,Dr. Strangelove or: How I Learned to Stop Worrying and Love the Bomb (1964),Comedy,u3236-m750-s1,segment_watch,1996-06-06T14:03:06.014907+00:00,2355.9,13.0,7409,1,1,mobile,,
1863999,3236,750,Dr. Strangelove or: How I Learned to Stop Worrying and Love the Bomb (1964),Comedy,u3236-m750-s1,segment_watch,1996-06-06T14:05:54.760334+00:00,2520.9,14.0,7409,1,1,mobile,,
1864000,3236,750,Dr. Strangelove or: How I Learned to Stop Worrying and Love the Bomb (1964),Comedy,u3236-m750-s1,pause,1996-06-06T14:06:25.268310+00:00,2520.9,14.0,7409,1,1,mobile,,
1864001,3236,750,Dr. Strangelove or: How I Learned to Stop Worrying and Love the Bomb (1964),Comedy,u3236-m750-s1,seek_forward,1996-06-06T14:06:35.795643+00:00,2983.7,16.0,7409,1,1,mobile,,
1864002,3236,750,Dr. Strangelove or: How I Learned to Stop Worrying and Love the Bomb (1964),Comedy,u3236-m750-s1,pause,1996-06-06T14:07:05.019956+00:00,2983.7,16.0,7409,1,1,mobile,,
1864003,3236,750,Dr. Strangelove or: How I Learned to Stop Worrying and Love the Bomb (1964),Comedy,u3236-m750-s1,pause,1996-06-06T14:08:56.063020+00:00,2983.7,16.0,7409,1,1,mobile,,
1864004,3236,750,Dr. Strangelove or: How I Learned to Stop Worrying and Love the Bomb (1964),Comedy,u3236-m750-s1,pause,1996-06-06T14:11:12.411103+00:00,2983.7,16.0,7409,1,1,mobile,,
1864005,3236,750,Dr. Strangelove or: How I Learned to Stop Worrying and Love the Bomb (1964),Comedy,u3236-m750-s1,segment_watch,1996-06-06T14:13:58.838863+00:00,3148.4,17.0,7409,1,1,mobile,,
1864006,3236,750,Dr. Strangelove or: How I Learned to Stop Worrying and Love the Bomb (1964),Comedy,u3236-m750-s1,seek_forward,1996-06-06T14:14:25.951984+00:00,3742.4,20.0,7409,1,1,mobile,,
1864007,3236,750,Dr. Strangelove or: How I Learned to Stop Worrying and Love the Bomb (1964),Comedy,u3236-m750-s1,segment_watch,1996-06-06T14:17:00.891760+00:00,3932.7,21.0,7409,1,1,mobile,,
1864008,3236,750,Dr. Strangelove or: How I Learned to Stop Worrying and Love the Bomb (1964),Comedy,u3236-m750-s1,pause,1996-06-06T14:18:15.800429+00:00,3932.7,21.0,7409,1,1,mobile,,
1864009,3236,750,Dr. Strangelove or: How I Learned to Stop Worrying and Love the Bomb (1964),Comedy,u3236-m750-s1,segment_watch,1996-06-06T14:19:49.764723+00:00,4129.7,22.0,7409,1,1,mobile,,
1864010,3236,750,Dr. Strangelove or: How I Learned to Stop Worrying and Love the Bomb (1964),Comedy,u3236-m750-s1,segment_watch,1996-06-06T14:25:14.381020+00:00,4325.0,24.0,7409,1,1,mobile,,
1864011,3236,750,Dr. Strangelove or: How I Learned to Stop Worrying and Love the Bomb (1964),Comedy,u3236-m750-s1,segment_watch,1996-06-06T14:28:51.986897+00:00,4670.1,25.0,7409,1,1,mobile,,
1864012,3236,750,Dr. Strangelove or: How I Learned to Stop Worrying and Love the Bomb (1964),Comedy,u3236-m750-s1,pause,1996-06-06T14:29:46.407550+00:00,4670.1,25.0,7409,1,1,mobile,,
1864013,3236,750,Dr. Strangelove or: How I Learned to Stop Worrying and Love the Bomb (1964),Comedy,u3236-m750-s1,pause,1996-06-06T14:30:41.611646+00:00,4670.1,25.0,7409,1,1,mobile,,
1864014,3236,750,Dr. Strangelove or: How I Learned to Stop Worrying and Love the Bomb (1964),Comedy,u3236-m750-s1,segment_watch,1996-06-06T14:33:14.646330+00:00,4866.8,27.0,7409,1,1,mobile,,
1864015,3236,750,Dr. Strangelove or: How I Learned to Stop Worrying and Love the Bomb (1964),Comedy,u3236-m750-s1,segment_watch,1996-06-06T14:35:31.278346+00:00,5045.0,28.0,7409,1,1,mobile,,
1864016,3236,750,Dr. Strangelove or: How I Learned to Stop Worrying and Love the Bomb (1964),Comedy,u3236-m750-s1,pause,1996-06-06T14:37:16.231915+00:00,5045.0,28.0,7409,1,1,mobile,,
1864017,3236,750,Dr. Strangelove or: How I Learned to Stop Worrying and Love the Bomb (1964),Comedy,u3236-m750-s1,pause,1996-06-06T14:38:51.971977+00:00,5045.0,28.0,7409,1,1,mobile,,
1864018,3236,750,Dr. Strangelove or: How I Learned to Stop Worrying and Love the Bomb (1964),Comedy,u3236-m750-s1,seek_forward,1996-06-06T14:38:57.416719+00:00,5397.4,29.0,7409,1,1,mobile,,
1864019,3236,750,Dr. Strangelove or: How I Learned to Stop Worrying and Love the Bomb (1964),Comedy,u3236-m750-s1,pause,1996-06-06T14:39:31.464217+00:00,5397.4,29.0,7409,1,1,mobile,,
1864020,3236,750,Dr. Strangelove or: How I Learned to Stop Worrying and Love the Bomb (1964),Comedy,u3236-m750-s1,segment_watch,1996-06-06T14:40:55.029880+00:00,5563.3,30.0,7409,1,1,mobile,,
1864021,3236,750,Dr. Strangelove or: How I Learned to Stop Worrying and Love the Bomb (1964),Comedy,u3236-m750-s1,segment_watch,1996-06-06T14:42:03.454160+00:00,5752.5,31.0,7409,1,1,mobile,,
1864022,3236,750,Dr. Strangelove or: How I Learned to Stop Worrying and Love the Bomb (1964),Comedy,u3236-m750-s1,pause,1996-06-06T14:42:23.247940+00:00,5752.5,31.0,7409,1,1,mobile,,
1864023,3236,750,Dr. Strangelove or: How I Learned to Stop Worrying and Love the Bomb (1964),Comedy,u3236-m750-s1,pause,1996-06-06T14:43:36.322638+00:00,5752.5,31.0,7409,1,1,mobile,,
1864024,3236,750,Dr. Strangelove or: How I Learned to Stop Worrying and Love the Bomb (1964),Comedy,u3236-m750-s1,seek_backward,1996-06-06T14:43:48.826716+00:00,5302.6,29.0,7409,1,1,mobile,,
1864025,3236,750,Dr. Strangelove or: How I Learned to Stop Worrying and Love the Bomb (1964),Comedy,u3236-m750-s1,segment_watch,1996-06-06T14:45:40.294052+00:00,5475.3,30.0,7409,1,1,mobile,,
1864026,3236,750,Dr. Strangelove or: How I Learned to Stop Worrying and Love the Bomb (1964),Comedy,u3236-m750-s1,segment_watch,1996-06-06T14:47:33.024369+00:00,5672.7,31.0,7409,1,1,mobile,,
1864027,3236,750,Dr. Strangelove or: How I Learned to Stop Worrying and Love the Bomb (1964),Comedy,u3236-m750-s1,segment_watch,1996-06-06T14:49:02.719179+00:00,5853.4,32.0,7409,1,1,mobile,,
1864028,3236,750,Dr. Strangelove or: How I Learned to Stop Worrying and Love the Bomb (1964),Comedy,u3236-m750-s1,seek_forward,1996-06-06T14:49:15.724799+00:00,6155.8,34.0,7409,1,1,mobile,,
1864029,3236,750,Dr. Strangelove or: How I Learned to Stop Worrying and Love the Bomb (1964),Comedy,u3236-m750-s1,segment_watch,1996-06-06T14:52:31.505732+00:00,6319.3,35.0,7409,1,1,mobile,,
1864030,3236,750,Dr. Strangelove or: How I Learned to Stop Worrying and Love the Bomb (1964),Comedy,u3236-m750-s1,pause,1996-06-06T14:53:45.643180+00:00,6319.3,35.0,7409,1,1,mobile,,
1864031,3236,750,Dr. Strangelove or: How I Learned to Stop Worrying and Love the Bomb (1964),Comedy,u3236-m750-s1,pause,1996-06-06T14:54:08.794958+00:00,6319.3,35.0,7409,1,1,mobile,,
1864032,3236,750,Dr. Strangelove or: How I Learned to Stop Worrying and Love the Bomb (1964),Comedy,u3236-m750-s1,segment_watch,1996-06-06T14:56:37.881214+00:00,6496.7,36.0,7409,1,1,mobile,,
1864033,3236,750,Dr. Strangelove or: How I Learned to Stop Worrying and Love the Bomb (1964),Comedy,u3236-m750-s1,pause,1996-06-06T15:02:03.337899+00:00,6496.7,36.0,7409,1,1,mobile,,
1864034,3236,750,Dr. Strangelove or: How I Learned to Stop Worrying and Love the Bomb (1964),Comedy,u3236-m750-s1,seek_backward,1996-06-06T15:02:46.400130+00:00,5441.7,30.0,7409,1,1,mobile,,
1864035,3236,750,Dr. Strangelove or: How I Learned to Stop Worrying and Love the Bomb (1964),Comedy,u3236-m750-s1,segment_watch,1996-06-06T15:04:43.656691+00:00,5620.6,31.0,7409,1,1,mobile,,
1864036,3236,750,Dr. Strangelove or: How I Learned to Stop Worrying and Love the Bomb (1964),Comedy,u3236-m750-s1,segment_watch,1996-06-06T15:07:30.316503+00:00,5787.8,32.0,7409,1,1,mobile,,
1864037,3236,750,Dr. Strangelove or: How I Learned to Stop Worrying and Love the Bomb (1964),Comedy,u3236-m750-s1,segment_watch,1996-06-06T15:09:02.002160+00:00,5983.9,33.0,7409,1,1,mobile,,
1864038,3236,750,Dr. Strangelove or: How I Learned to Stop Worrying and Love the Bomb (1964),Comedy,u3236-m750-s1,segment_watch,1996-06-06T15:12:23.050102+00:00,6158.3,34.0,7409,1,1,mobile,,
1864039,3236,750,Dr. Strangelove or: How I Learned to Stop Worrying and Love the Bomb (1964),Comedy,u3236-m750-s1,segment_watch,1996-06-06T15:13:47.014185+00:00,6328.0,35.0,7409,1,1,mobile,,
1864040,3236,750,Dr. Strangelove or: How I Learned to Stop Worrying and Love the Bomb (1964),Comedy,u3236-m750-s1,segment_watch,1996-06-06T15:17:27.142264+00:00,6502.0,36.0,7409,1,1,mobile,,
1864041,3236,750,Dr. Strangelove or: How I Learned to Stop Worrying and Love the Bomb (1964),Comedy,u3236-m750-s1,seek_backward,1996-06-06T15:17:44.052408+00:00,5269.3,29.0,7409,1,1,mobile,,
1864042,3236,750,Dr. Strangelove or: How I Learned to Stop Worrying and Love the Bomb (1964),Comedy,u3236-m750-s1,pause,1996-06-06T15:18:48.594839+00:00,5269.3,29.0,7409,1,1,mobile,,
1864043,3236,750,Dr. Strangelove or: How I Learned to Stop Worrying and Love the Bomb (1964),Comedy,u3236-m750-s1,segment_watch,1996-06-06T15:20:36.287575+00:00,5436.6,30.0,7409,1,1,mobile,,
1864044,3236,750,Dr. Strangelove or: How I Learned to Stop Worrying and Love the Bomb (1964),Comedy,u3236-m750-s1,segment_watch,1996-06-06T15:24:06.607057+00:00,5608.1,31.0,7409,1,1,mobile,,
1864045,3236,750,Dr. Strangelove or: How I Learned to Stop Worrying and Love the Bomb (1964),Comedy,u3236-m750-s1,pause,1996-06-06T15:27:49.412580+00:00,5608.1,31.0,7409,1,1,mobile,,
1864046,3236,750,Dr. Strangelove or: How I Learned to Stop Worrying and Love the Bomb (1964),Comedy,u3236-m750-s1,pause,1996-06-06T15:34:27.249258+00:00,5608.1,31.0,7409,1,1,mobile,,
1864047,3236,750,Dr. Strangelove or: How I Learned to Stop Worrying and Love the Bomb (1964),Comedy,u3236-m750-s1,segment_watch,1996-06-06T15:37:27.682337+00:00,5791.7,32.0,7409,1,1,mobile,,
1864048,3236,750,Dr. Strangelove or: How I Learned to Stop Worrying and Love the Bomb (1964),Comedy,u3236-m750-s1,pause,1996-06-06T15:38:22.210520+00:00,5791.7,32.0,7409,1,1,mobile,,
1864049,3236,750,Dr. Strangelove or: How I Learned to Stop Worrying and Love the Bomb (1964),Comedy,u3236-m750-s1,segment_watch,1996-06-06T15:40:00.966364+00:00,5984.5,33.0,7409,1,1,mobile,,
1864050,3236,750,Dr. Strangelove or: How I Learned to Stop Worrying and Love the Bomb (1964),Comedy,u3236-m750-s1,pause,1996-06-06T15:40:25.459666+00:00,5984.5,33.0,7409,1,1,mobile,,
1864051,3236,750,Dr. Strangelove or: How I Learned to Stop Worrying and Love the Bomb (1964),Comedy,u3236-m750-s1,segment_watch,1996-06-06T15:43:38.554433+00:00,6181.7,34.0,7409,1,1,mobile,,
1864052,3236,750,Dr. Strangelove or: How I Learned to Stop Worrying and Love the Bomb (1964),Comedy,u3236-m750-s1,segment_watch,1996-06-06T15:45:43.687713+00:00,6346.4,35.0,7409,1,1,mobile,,
1864053,3236,750,Dr. Strangelove or: How I Learned to Stop Worrying and Love the Bomb (1964),Comedy,u3236-m750-s1,segment_watch,1996-06-06T15:47:12.240613+00:00,6514.7,36.0,7409,1,1,mobile,,
1864054,3236,750,Dr. Strangelove or: How I Learned to Stop Worrying and Love the Bomb (1964),Comedy,u3236-m750-s1,seek_forward,1996-06-06T15:47:46.866289+00:00,7019.0,38.0,7409,1,1,mobile,,
1864055,3236,750,Dr. Strangelove or: How I Learned to Stop Worrying and Love the Bomb (1964),Comedy,u3236-m750-s1,pause,1996-06-06T15:48:43.945758+00:00,7019.0,38.0,7409,1,1,mobile,,
1864056,3236,750,Dr. Strangelove or: How I Learned to Stop Worrying and Love the Bomb (1964),Comedy,u3236-m750-s1,segment_watch,1996-06-06T15:52:16.883843+00:00,7212.4,40.0,7409,1,1,mobile,,
1864057,3236,750,Dr. Strangelove or: How I Learned to Stop Worrying and Love the Bomb (1964),Comedy,u3236-m750-s1,segment_watch,1996-06-06T15:56:11.722411+00:00,7399.8,41.0,7409,1,1,mobile,,
1864058,3236,750,Dr. Strangelove or: How I Learned to Stop Worrying and Love the Bomb (1964),Comedy,u3236-m750-s1,session_end,1996-06-06T15:56:35.176075+00:00,7399.8,41.0,7409,1,1,mobile,,
1864059,3236,750,Dr. Strangelove or: How I Learned to Stop Worrying and Love the Bomb (1964),Comedy,u3236-m750-s1,rating_given,1996-06-06T18:41:27.983331+00:00,,,7409,1,1,mobile,,4.0
4388491,53121,1258,"Shining, The (1980)",Horror,u53121-m1258-s1,session_start,1996-12-06T11:51:49.394240+00:00,0.0,,7788,1,2,smart_tv,,
4388492,53121,1258,"Shining, The (1980)",Horror,u53121-m1258-s1,pause,1996-12-06T11:52:21.800604+00:00,0.0,0.0,7788,1,2,smart_tv,,
4388493,53121,1258,"Shining, The (1980)",Horror,u53121-m1258-s1,segment_watch,1996-12-06T11:55:19.326197+00:00,195.2,1.0,7788,1,2,smart_tv,,
4388494,53121,1258,"Shining, The (1980)",Horror,u53121-m1258-s1,pause,1996-12-06T11:58:17.707260+00:00,195.2,1.0,7788,1,2,smart_tv,,
4388495,53121,1258,"Shining, The (1980)",Horror,u53121-m1258-s1,pause,1996-12-06T12:00:09.872905+00:00,195.2,1.0,7788,1,2,smart_tv,,
4388496,53121,1258,"Shining, The (1980)",Horror,u53121-m1258-s1,segment_watch,1996-12-06T12:02:02.829840+00:00,378.1,2.0,7788,1,2,smart_tv,,
4388497,53121,1258,"Shining, The (1980)",Horror,u53121-m1258-s1,segment_watch,1996-12-06T12:03:52.383767+00:00,549.7,3.0,7788,1,2,smart_tv,,
4388498,53121,1258,"Shining, The (1980)",Horror,u53121-m1258-s1,segment_watch,1996-12-06T12:08:12.242019+00:00,732.8,4.0,7788,1,2,smart_tv,,
4388499,53121,1258,"Shining, The (1980)",Horror,u53121-m1258-s1,segment_watch,1996-12-06T12:10:33.938843+00:00,919.9,5.0,7788,1,2,smart_tv,,
4388500,53121,1258,"Shining, The (1980)",Horror,u53121-m1258-s1,segment_watch,1996-12-06T12:11:41.107078+00:00,1102.6,6.0,7788,1,2,smart_tv,,
4388501,53121,1258,"Shining, The (1980)",Horror,u53121-m1258-s1,segment_watch,1996-12-06T12:13:35.522519+00:00,1283.3,7.0,7788,1,2,smart_tv,,
4388502,53121,1258,"Shining, The (1980)",Horror,u53121-m1258-s1,pause,1996-12-06T12:15:56.219700+00:00,1283.3,7.0,7788,1,2,smart_tv,,
4388503,53121,1258,"Shining, The (1980)",Horror,u53121-m1258-s1,segment_watch,1996-12-06T12:18:46.211057+00:00,1471.6,8.0,7788,1,2,smart_tv,,
4388504,53121,1258,"Shining, The (1980)",Horror,u53121-m1258-s1,segment_watch,1996-12-06T12:21:18.858361+00:00,1636.7,9.0,7788,1,2,smart_tv,,
4388505,53121,1258,"Shining, The (1980)",Horror,u53121-m1258-s1,segment_watch,1996-12-06T12:22:34.587181+00:00,1832.2,10.0,7788,1,2,smart_tv,,
4388506,53121,1258,"Shining, The (1980)",Horror,u53121-m1258-s1,seek_forward,1996-12-06T12:22:43.961573+00:00,2488.1,13.0,7788,1,2,smart_tv,,
4388507,53121,1258,"Shining, The (1980)",Horror,u53121-m1258-s1,pause,1996-12-06T12:25:59.141508+00:00,2488.1,13.0,7788,1,2,smart_tv,,
4388508,53121,1258,"Shining, The (1980)",Horror,u53121-m1258-s1,segment_watch,1996-12-06T12:29:30.859903+00:00,2666.4,14.0,7788,1,2,smart_tv,,
4388509,53121,1258,"Shining, The (1980)",Horror,u53121-m1258-s1,pause,1996-12-06T12:32:47.808744+00:00,2666.4,14.0,7788,1,2,smart_tv,,
4388510,53121,1258,"Shining, The (1980)",Horror,u53121-m1258-s1,segment_watch,1996-12-06T12:35:59.774979+00:00,2858.3,15.0,7788,1,2,smart_tv,,
4388511,53121,1258,"Shining, The (1980)",Horror,u53121-m1258-s1,segment_watch,1996-12-06T12:38:41.512023+00:00,3048.2,16.0,7788,1,2,smart_tv,,
4388512,53121,1258,"Shining, The (1980)",Horror,u53121-m1258-s1,segment_watch,1996-12-06T12:40:12.295915+00:00,3231.2,17.0,7788,1,2,smart_tv,,
4388513,53121,1258,"Shining, The (1980)",Horror,u53121-m1258-s1,segment_watch,1996-12-06T12:43:36.491430+00:00,3395.5,18.0,7788,1,2,smart_tv,,
4388514,53121,1258,"Shining, The (1980)",Horror,u53121-m1258-s1,segment_watch,1996-12-06T12:46:05.181245+00:00,3591.7,19.0,7788,1,2,smart_tv,,
4388515,53121,1258,"Shining, The (1980)",Horror,u53121-m1258-s1,segment_watch,1996-12-06T12:47:13.496215+00:00,3768.3,20.0,7788,1,2,smart_tv,,
4388516,53121,1258,"Shining, The (1980)",Horror,u53121-m1258-s1,segment_watch,1996-12-06T12:49:56.667746+00:00,3952.8,21.0,7788,1,2,smart_tv,,
4388517,53121,1258,"Shining, The (1980)",Horror,u53121-m1258-s1,pause,1996-12-06T12:51:27.288637+00:00,3952.8,21.0,7788,1,2,smart_tv,,
4388518,53121,1258,"Shining, The (1980)",Horror,u53121-m1258-s1,segment_watch,1996-12-06T12:54:05.737852+00:00,4127.2,22.0,7788,1,2,smart_tv,,
4388519,53121,1258,"Shining, The (1980)",Horror,u53121-m1258-s1,pause,1996-12-06T12:56:52.402954+00:00,4127.2,22.0,7788,1,2,smart_tv,,
4388520,53121,1258,"Shining, The (1980)",Horror,u53121-m1258-s1,seek_forward,1996-12-06T12:57:03.405080+00:00,4708.9,26.0,7788,1,2,smart_tv,,
4388521,53121,1258,"Shining, The (1980)",Horror,u53121-m1258-s1,segment_watch,1996-12-06T12:58:24.651616+00:00,4875.1,27.0,7788,1,2,smart_tv,,
4388522,53121,1258,"Shining, The (1980)",Horror,u53121-m1258-s1,segment_watch,1996-12-06T12:59:58.787858+00:00,5056.4,28.0,7788,1,2,smart_tv,,
4388523,53121,1258,"Shining, The (1980)",Horror,u53121-m1258-s1,segment_watch,1996-12-06T13:02:00.206838+00:00,5236.1,29.0,7788,1,2,smart_tv,,
4388524,53121,1258,"Shining, The (1980)",Horror,u53121-m1258-s1,pause,1996-12-06T13:04:24.384626+00:00,5236.1,29.0,7788,1,2,smart_tv,,
4388525,53121,1258,"Shining, The (1980)",Horror,u53121-m1258-s1,seek_forward,1996-12-06T13:04:39.807027+00:00,5578.0,30.0,7788,1,2,smart_tv,,
4388526,53121,1258,"Shining, The (1980)",Horror,u53121-m1258-s1,pause,1996-12-06T13:05:57.320729+00:00,5578.0,30.0,7788,1,2,smart_tv,,
4388527,53121,1258,"Shining, The (1980)",Horror,u53121-m1258-s1,segment_watch,1996-12-06T13:08:15.589723+00:00,5741.8,31.0,7788,1,2,smart_tv,,
4388528,53121,1258,"Shining, The (1980)",Horror,u53121-m1258-s1,segment_watch,1996-12-06T13:10:32.665761+00:00,5913.9,32.0,7788,1,2,smart_tv,,
4388529,53121,1258,"Shining, The (1980)",Horror,u53121-m1258-s1,pause,1996-12-06T13:11:00.059427+00:00,5913.9,32.0,7788,1,2,smart_tv,,
4388530,53121,1258,"Shining, The (1980)",Horror,u53121-m1258-s1,segment_watch,1996-12-06T13:13:46.186910+00:00,6079.9,33.0,7788,1,2,smart_tv,,
4388531,53121,1258,"Shining, The (1980)",Horror,u53121-m1258-s1,segment_watch,1996-12-06T13:16:48.673854+00:00,6243.6,34.0,7788,1,2,smart_tv,,
4388532,53121,1258,"Shining, The (1980)",Horror,u53121-m1258-s1,segment_watch,1996-12-06T13:20:05.649355+00:00,6419.2,35.0,7788,1,2,smart_tv,,
4388533,53121,1258,"Shining, The (1980)",Horror,u53121-m1258-s1,segment_watch,1996-12-06T13:22:34.356846+00:00,6610.0,36.0,7788,1,2,smart_tv,,
4388534,53121,1258,"Shining, The (1980)",Horror,u53121-m1258-s1,pause,1996-12-06T13:24:36.793670+00:00,6610.0,36.0,7788,1,2,smart_tv,,
4388535,53121,1258,"Shining, The (1980)",Horror,u53121-m1258-s1,segment_watch,1996-12-06T13:27:59.566790+00:00,6807.5,37.0,7788,1,2,smart_tv,,
4388536,53121,1258,"Shining, The (1980)",Horror,u53121-m1258-s1,pause,1996-12-06T13:28:41.984754+00:00,6807.5,37.0,7788,1,2,smart_tv,,
4388537,53121,1258,"Shining, The (1980)",Horror,u53121-m1258-s1,pause,1996-12-06T13:31:02.003853+00:00,6807.5,37.0,7788,1,2,smart_tv,,
4388538,53121,1258,"Shining, The (1980)",Horror,u53121-m1258-s1,segment_watch,1996-12-06T13:33:07.303387+00:00,7003.4,38.0,7788,1,2,smart_tv,,
4388539,53121,1258,"Shining, The (1980)",Horror,u53121-m1258-s1,segment_watch,1996-12-06T13:34:55.499839+00:00,7191.9,39.0,7788,1,2,smart_tv,,
4388540,53121,1258,"Shining, The (1980)",Horror,u53121-m1258-s1,segment_watch,1996-12-06T13:37:27.793798+00:00,7372.3,40.0,7788,1,2,smart_tv,,
4388541,53121,1258,"Shining, The (1980)",Horror,u53121-m1258-s1,pause,1996-12-06T13:42:38.547095+00:00,7372.3,40.0,7788,1,2,smart_tv,,
4388542,53121,1258,"Shining, The (1980)",Horror,u53121-m1258-s1,segment_watch,1996-12-06T13:45:03.094326+00:00,7567.5,42.0,7788,1,2,smart_tv,,
4388543,53121,1258,"Shining, The (1980)",Horror,u53121-m1258-s1,session_end,1996-12-06T13:45:39.784552+00:00,7567.5,42.0,7788,1,2,smart_tv,,
4388580,53121,1258,"Shining, The (1980)",Horror,u53121-m1258-s1,rating_given,1996-12-06T14:38:25.825294+00:00,,,7788,1,2,smart_tv,,4.0
3282503,115955,1103,Rebel Without a Cause (1955),Drama,u115955-m1103-s1,session_start,1996-12-22T16:10:13.596771+00:00,0.0,,7911,1,1,web,,
3282504,115955,1103,Rebel Without a Cause (1955),Drama,u115955-m1103-s1,pause,1996-12-22T16:13:34.393341+00:00,0.0,0.0,7911,1,1,web,,
3282505,115955,1103,Rebel Without a Cause (1955),Drama,u115955-m1103-s1,segment_watch,1996-12-22T16:16:26.390411+00:00,187.5,1.0,7911,1,1,web,,
3282506,115955,1103,Rebel Without a Cause (1955),Drama,u115955-m1103-s1,pause,1996-12-22T16:16:49.202625+00:00,187.5,1.0,7911,1,1,web,,
3282507,115955,1103,Rebel Without a Cause (1955),Drama,u115955-m1103-s1,segment_watch,1996-12-22T16:20:54.227252+00:00,521.6,2.0,7911,1,1,web,,
3282508,115955,1103,Rebel Without a Cause (1955),Drama,u115955-m1103-s1,segment_watch,1996-12-22T16:23:39.081062+00:00,706.7,3.0,7911,1,1,web,,
3282509,115955,1103,Rebel Without a Cause (1955),Drama,u115955-m1103-s1,pause,1996-12-22T16:25:19.826136+00:00,706.7,3.0,7911,1,1,web,,
3282510,115955,1103,Rebel Without a Cause (1955),Drama,u115955-m1103-s1,pause,1996-12-22T16:26:36.763807+00:00,706.7,3.0,7911,1,1,web,,
3282511,115955,1103,Rebel Without a Cause (1955),Drama,u115955-m1103-s1,segment_watch,1996-12-22T16:29:43.056957+00:00,886.2,4.0,7911,1,1,web,,
3282512,115955,1103,Rebel Without a Cause (1955),Drama,u115955-m1103-s1,pause,1996-12-22T16:33:05.293521+00:00,886.2,4.0,7911,1,1,web,,
3282513,115955,1103,Rebel Without a Cause (1955),Drama,u115955-m1103-s1,pause,1996-12-22T16:36:20.803378+00:00,886.2,4.0,7911,1,1,web,,
3282514,115955,1103,Rebel Without a Cause (1955),Drama,u115955-m1103-s1,segment_watch,1996-12-22T16:38:59.225314+00:00,1050.5,5.0,7911,1,1,web,,
3282515,115955,1103,Rebel Without a Cause (1955),Drama,u115955-m1103-s1,segment_watch,1996-12-22T16:41:29.866748+00:00,1234.0,6.0,7911,1,1,web,,
3282516,115955,1103,Rebel Without a Cause (1955),Drama,u115955-m1103-s1,segment_watch,1996-12-22T16:44:05.013747+00:00,1430.1,7.0,7911,1,1,web,,
3282517,115955,1103,Rebel Without a Cause (1955),Drama,u115955-m1103-s1,segment_watch,1996-12-22T16:46:16.812725+00:00,1610.5,8.0,7911,1,1,web,,
3282518,115955,1103,Rebel Without a Cause (1955),Drama,u115955-m1103-s1,segment_watch,1996-12-22T16:48:02.758402+00:00,1798.3,9.0,7911,1,1,web,,
3282519,115955,1103,Rebel Without a Cause (1955),Drama,u115955-m1103-s1,segment_watch,1996-12-22T16:50:47.060970+00:00,1985.5,11.0,7911,1,1,web,,
3282520,115955,1103,Rebel Without a Cause (1955),Drama,u115955-m1103-s1,segment_watch,1996-12-22T16:52:22.421861+00:00,2181.4,12.0,7911,1,1,web,,
3282521,115955,1103,Rebel Without a Cause (1955),Drama,u115955-m1103-s1,segment_watch,1996-12-22T16:53:48.068282+00:00,2352.3,13.0,7911,1,1,web,,
3282522,115955,1103,Rebel Without a Cause (1955),Drama,u115955-m1103-s1,pause,1996-12-22T16:55:46.337842+00:00,2352.3,13.0,7911,1,1,web,,
3282523,115955,1103,Rebel Without a Cause (1955),Drama,u115955-m1103-s1,pause,1996-12-22T16:58:25.872280+00:00,2352.3,13.0,7911,1,1,web,,
3282524,115955,1103,Rebel Without a Cause (1955),Drama,u115955-m1103-s1,segment_watch,1996-12-22T16:59:28.780093+00:00,2530.6,14.0,7911,1,1,web,,
3282525,115955,1103,Rebel Without a Cause (1955),Drama,u115955-m1103-s1,segment_watch,1996-12-22T17:04:51.596171+00:00,2860.3,15.0,7911,1,1,web,,
3282526,115955,1103,Rebel Without a Cause (1955),Drama,u115955-m1103-s1,segment_watch,1996-12-22T17:06:36.855173+00:00,3030.6,16.0,7911,1,1,web,,
3282527,115955,1103,Rebel Without a Cause (1955),Drama,u115955-m1103-s1,segment_watch,1996-12-22T17:07:37.476356+00:00,3198.9,17.0,7911,1,1,web,,
3282528,115955,1103,Rebel Without a Cause (1955),Drama,u115955-m1103-s1,seek_forward,1996-12-22T17:07:42.563105+00:00,3590.2,19.0,7911,1,1,web,,
3282529,115955,1103,Rebel Without a Cause (1955),Drama,u115955-m1103-s1,segment_watch,1996-12-22T17:09:29.129369+00:00,3759.4,20.0,7911,1,1,web,,
3282530,115955,1103,Rebel Without a Cause (1955),Drama,u115955-m1103-s1,segment_watch,1996-12-22T17:11:29.068262+00:00,3947.5,21.0,7911,1,1,web,,
3282531,115955,1103,Rebel Without a Cause (1955),Drama,u115955-m1103-s1,seek_forward,1996-12-22T17:11:38.184604+00:00,4415.2,24.0,7911,1,1,web,,
3282532,115955,1103,Rebel Without a Cause (1955),Drama,u115955-m1103-s1,segment_watch,1996-12-22T17:13:43.607839+00:00,4579.6,25.0,7911,1,1,web,,
3282533,115955,1103,Rebel Without a Cause (1955),Drama,u115955-m1103-s1,seek_forward,1996-12-22T17:14:00.189443+00:00,5041.7,28.0,7911,1,1,web,,
3282534,115955,1103,Rebel Without a Cause (1955),Drama,u115955-m1103-s1,segment_watch,1996-12-22T17:16:00.118733+00:00,5234.6,29.0,7911,1,1,web,,
3282535,115955,1103,Rebel Without a Cause (1955),Drama,u115955-m1103-s1,segment_watch,1996-12-22T17:20:02.936148+00:00,5562.9,30.0,7911,1,1,web,,
3282536,115955,1103,Rebel Without a Cause (1955),Drama,u115955-m1103-s1,segment_watch,1996-12-22T17:21:44.001234+00:00,5756.1,31.0,7911,1,1,web,,
3282537,115955,1103,Rebel Without a Cause (1955),Drama,u115955-m1103-s1,pause,1996-12-22T17:22:30.022078+00:00,5756.1,31.0,7911,1,1,web,,
3282538,115955,1103,Rebel Without a Cause (1955),Drama,u115955-m1103-s1,segment_watch,1996-12-22T17:25:20.535682+00:00,5947.1,33.0,7911,1,1,web,,
3282539,115955,1103,Rebel Without a Cause (1955),Drama,u115955-m1103-s1,segment_watch,1996-12-22T17:28:15.257616+00:00,6141.8,34.0,7911,1,1,web,,
3282540,115955,1103,Rebel Without a Cause (1955),Drama,u115955-m1103-s1,segment_watch,1996-12-22T17:30:28.880062+00:00,6333.9,35.0,7911,1,1,web,,
3282541,115955,1103,Rebel Without a Cause (1955),Drama,u115955-m1103-s1,seek_forward,1996-12-22T17:30:47.249644+00:00,6601.9,36.0,7911,1,1,web,,
3282542,115955,1103,Rebel Without a Cause (1955),Drama,u115955-m1103-s1,segment_watch,1996-12-22T17:32:26.290553+00:00,6765.0,37.0,7911,1,1,web,,
3282543,115955,1103,Rebel Without a Cause (1955),Drama,u115955-m1103-s1,pause,1996-12-22T17:38:37.433479+00:00,6765.0,37.0,7911,1,1,web,,
3282544,115955,1103,Rebel Without a Cause (1955),Drama,u115955-m1103-s1,seek_forward,1996-12-22T17:38:53.782676+00:00,7327.1,40.0,7911,1,1,web,,
3282545,115955,1103,Rebel Without a Cause (1955),Drama,u115955-m1103-s1,pause,1996-12-22T17:39:25.410257+00:00,7327.1,40.0,7911,1,1,web,,
3282546,115955,1103,Rebel Without a Cause (1955),Drama,u115955-m1103-s1,pause,1996-12-22T17:41:04.865925+00:00,7327.1,40.0,7911,1,1,web,,
3282547,115955,1103,Rebel Without a Cause (1955),Drama,u115955-m1103-s1,pause,1996-12-22T17:41:34.997953+00:00,7327.1,40.0,7911,1,1,web,,
3282548,115955,1103,Rebel Without a Cause (1955),Drama,u115955-m1103-s1,segment_watch,1996-12-22T17:43:14.670215+00:00,7523.4,41.0,7911,1,1,web,,
3282549,115955,1103,Rebel Without a Cause (1955),Drama,u115955-m1103-s1,segment_watch,1996-12-22T17:45:20.266473+00:00,7710.8,42.0,7911,1,1,web,,
3282550,115955,1103,Rebel Without a Cause (1955),Drama,u115955-m1103-s1,session_end,1996-12-22T17:45:42.539875+00:00,7710.8,42.0,7911,1,1,web,,
3282551,115955,1103,Rebel Without a Cause (1955),Drama,u115955-m1103-s1,rating_given,1996-12-22T20:04:50.413198+00:00,,,7911,1,1,smart_tv,,3.0
2807977,26288,1196,Star Wars: Episode V - The Empire Strikes Back (1980),Action,u26288-m1196-s1,session_start,1997-02-28T11:28:35.366417+00:00,0.0,,4376,1,3,smart_tv,,
2807978,26288,1196,Star Wars: Episode V - The Empire Strikes Back (1980),Action,u26288-m1196-s1,segment_watch,1997-02-28T11:33:34.032832+00:00,186.9,1.0,4376,1,3,smart_tv,,
2807979,26288,1196,Star Wars: Episode V - The Empire Strikes Back (1980),Action,u26288-m1196-s1,segment_watch,1997-02-28T11:36:25.593348+00:00,372.3,2.0,4376,1,3,smart_tv,,
2807980,26288,1196,Star Wars: Episode V - The Empire Strikes Back (1980),Action,u26288-m1196-s1,segment_watch,1997-02-28T11:38:56.110055+00:00,543.5,3.0,4376,1,3,smart_tv,,
2807981,26288,1196,Star Wars: Episode V - The Empire Strikes Back (1980),Action,u26288-m1196-s1,segment_watch,1997-02-28T11:43:18.419456+00:00,896.1,4.0,4376,1,3,smart_tv,,
2807982,26288,1196,Star Wars: Episode V - The Empire Strikes Back (1980),Action,u26288-m1196-s1,segment_watch,1997-02-28T11:45:30.328377+00:00,1087.8,6.0,4376,1,3,smart_tv,,
2807983,26288,1196,Star Wars: Episode V - The Empire Strikes Back (1980),Action,u26288-m1196-s1,seek_forward,1997-02-28T11:45:35.652035+00:00,1303.2,7.0,4376,1,3,smart_tv,,
2807984,26288,1196,Star Wars: Episode V - The Empire Strikes Back (1980),Action,u26288-m1196-s1,segment_watch,1997-02-28T11:47:34.392607+00:00,1484.2,8.0,4376,1,3,smart_tv,,
2807985,26288,1196,Star Wars: Episode V - The Empire Strikes Back (1980),Action,u26288-m1196-s1,segment_watch,1997-02-28T11:50:13.858870+00:00,1658.7,9.0,4376,1,3,smart_tv,,
2807986,26288,1196,Star Wars: Episode V - The Empire Strikes Back (1980),Action,u26288-m1196-s1,pause,1997-02-28T11:53:15.543896+00:00,1658.7,9.0,4376,1,3,smart_tv,,
2807987,26288,1196,Star Wars: Episode V - The Empire Strikes Back (1980),Action,u26288-m1196-s1,segment_watch,1997-02-28T11:54:55.217108+00:00,1853.9,10.0,4376,1,3,smart_tv,,
2807988,26288,1196,Star Wars: Episode V - The Empire Strikes Back (1980),Action,u26288-m1196-s1,seek_forward,1997-02-28T11:55:15.997246+00:00,2301.4,12.0,4376,1,3,smart_tv,,
2807989,26288,1196,Star Wars: Episode V - The Empire Strikes Back (1980),Action,u26288-m1196-s1,segment_watch,1997-02-28T11:57:07.381065+00:00,2478.3,13.0,4376,1,3,smart_tv,,
2807990,26288,1196,Star Wars: Episode V - The Empire Strikes Back (1980),Action,u26288-m1196-s1,segment_watch,1997-02-28T11:59:18.843633+00:00,2659.5,14.0,4376,1,3,smart_tv,,
2807991,26288,1196,Star Wars: Episode V - The Empire Strikes Back (1980),Action,u26288-m1196-s1,pause,1997-02-28T12:00:27.009620+00:00,2659.5,14.0,4376,1,3,smart_tv,,
2807992,26288,1196,Star Wars: Episode V - The Empire Strikes Back (1980),Action,u26288-m1196-s1,segment_watch,1997-02-28T12:02:58.653426+00:00,2852.9,15.0,4376,1,3,smart_tv,,
2807993,26288,1196,Star Wars: Episode V - The Empire Strikes Back (1980),Action,u26288-m1196-s1,seek_forward,1997-02-28T12:03:11.497691+00:00,3250.1,18.0,4376,1,3,smart_tv,,
2807994,26288,1196,Star Wars: Episode V - The Empire Strikes Back (1980),Action,u26288-m1196-s1,pause,1997-02-28T12:03:33.153238+00:00,3250.1,18.0,4376,1,3,smart_tv,,
2807995,26288,1196,Star Wars: Episode V - The Empire Strikes Back (1980),Action,u26288-m1196-s1,seek_backward,1997-02-28T12:03:45.922503+00:00,2791.7,15.0,4376,1,3,smart_tv,,
2807996,26288,1196,Star Wars: Episode V - The Empire Strikes Back (1980),Action,u26288-m1196-s1,pause,1997-02-28T12:04:05.262305+00:00,2791.7,15.0,4376,1,3,smart_tv,,
2807997,26288,1196,Star Wars: Episode V - The Empire Strikes Back (1980),Action,u26288-m1196-s1,pause,1997-02-28T12:05:12.768158+00:00,2791.7,15.0,4376,1,3,smart_tv,,
2807998,26288,1196,Star Wars: Episode V - The Empire Strikes Back (1980),Action,u26288-m1196-s1,segment_watch,1997-02-28T12:08:07.383066+00:00,2981.0,16.0,4376,1,3,smart_tv,,
2807999,26288,1196,Star Wars: Episode V - The Empire Strikes Back (1980),Action,u26288-m1196-s1,segment_watch,1997-02-28T12:11:10.162705+00:00,3162.2,17.0,4376,1,3,smart_tv,,
2808000,26288,1196,Star Wars: Episode V - The Empire Strikes Back (1980),Action,u26288-m1196-s1,segment_watch,1997-02-28T12:13:14.392535+00:00,3338.8,18.0,4376,1,3,smart_tv,,
2808001,26288,1196,Star Wars: Episode V - The Empire Strikes Back (1980),Action,u26288-m1196-s1,segment_watch,1997-02-28T12:15:13.524921+00:00,3527.9,19.0,4376,1,3,smart_tv,,
2808002,26288,1196,Star Wars: Episode V - The Empire Strikes Back (1980),Action,u26288-m1196-s1,pause,1997-02-28T12:16:30.353854+00:00,3527.9,19.0,4376,1,3,smart_tv,,
2808003,26288,1196,Star Wars: Episode V - The Empire Strikes Back (1980),Action,u26288-m1196-s1,segment_watch,1997-02-28T12:18:04.372370+00:00,3704.3,20.0,4376,1,3,smart_tv,,
2808004,26288,1196,Star Wars: Episode V - The Empire Strikes Back (1980),Action,u26288-m1196-s1,segment_watch,1997-02-28T12:21:34.931749+00:00,3885.4,21.0,4376,1,3,smart_tv,,
2808005,26288,1196,Star Wars: Episode V - The Empire Strikes Back (1980),Action,u26288-m1196-s1,segment_watch,1997-02-28T12:23:26.997618+00:00,4061.1,22.0,4376,1,3,smart_tv,,
2808006,26288,1196,Star Wars: Episode V - The Empire Strikes Back (1980),Action,u26288-m1196-s1,segment_watch,1997-02-28T12:25:17.079573+00:00,4253.0,23.0,4376,1,3,smart_tv,,
2808007,26288,1196,Star Wars: Episode V - The Empire Strikes Back (1980),Action,u26288-m1196-s1,seek_backward,1997-02-28T12:26:32.906882+00:00,2837.4,15.0,4376,1,3,smart_tv,,
2808008,26288,1196,Star Wars: Episode V - The Empire Strikes Back (1980),Action,u26288-m1196-s1,segment_watch,1997-02-28T12:30:17.536061+00:00,3010.0,16.0,4376,1,3,smart_tv,,
2808009,26288,1196,Star Wars: Episode V - The Empire Strikes Back (1980),Action,u26288-m1196-s1,seek_backward,1997-02-28T12:30:28.646256+00:00,3042.8,16.0,4376,1,3,smart_tv,,
2808010,26288,1196,Star Wars: Episode V - The Empire Strikes Back (1980),Action,u26288-m1196-s1,pause,1997-02-28T12:31:44.630044+00:00,3042.8,16.0,4376,1,3,smart_tv,,
2808011,26288,1196,Star Wars: Episode V - The Empire Strikes Back (1980),Action,u26288-m1196-s1,segment_watch,1997-02-28T12:33:33.823865+00:00,3233.1,17.0,4376,1,3,smart_tv,,
2808012,26288,1196,Star Wars: Episode V - The Empire Strikes Back (1980),Action,u26288-m1196-s1,segment_watch,1997-02-28T12:34:53.686027+00:00,3416.8,18.0,4376,1,3,smart_tv,,
2808013,26288,1196,Star Wars: Episode V - The Empire Strikes Back (1980),Action,u26288-m1196-s1,segment_watch,1997-02-28T12:36:52.833152+00:00,3586.7,19.0,4376,1,3,smart_tv,,
2808014,26288,1196,Star Wars: Episode V - The Empire Strikes Back (1980),Action,u26288-m1196-s1,pause,1997-02-28T12:37:22.693119+00:00,3586.7,19.0,4376,1,3,smart_tv,,
2808015,26288,1196,Star Wars: Episode V - The Empire Strikes Back (1980),Action,u26288-m1196-s1,pause,1997-02-28T12:38:35.601311+00:00,3586.7,19.0,4376,1,3,smart_tv,,
2808016,26288,1196,Star Wars: Episode V - The Empire Strikes Back (1980),Action,u26288-m1196-s1,pause,1997-02-28T12:39:21.288195+00:00,3586.7,19.0,4376,1,3,smart_tv,,
2808017,26288,1196,Star Wars: Episode V - The Empire Strikes Back (1980),Action,u26288-m1196-s1,segment_watch,1997-02-28T12:43:33.969562+00:00,3755.6,20.0,4376,1,3,smart_tv,,
2808018,26288,1196,Star Wars: Episode V - The Empire Strikes Back (1980),Action,u26288-m1196-s1,segment_watch,1997-02-28T12:45:35.633564+00:00,3941.5,21.0,4376,1,3,smart_tv,,
2808019,26288,1196,Star Wars: Episode V - The Empire Strikes Back (1980),Action,u26288-m1196-s1,segment_watch,1997-02-28T12:48:23.546984+00:00,4131.2,22.0,4376,1,3,smart_tv,,
2808020,26288,1196,Star Wars: Episode V - The Empire Strikes Back (1980),Action,u26288-m1196-s1,seek_forward,1997-02-28T12:48:36.216519+00:00,4791.0,26.0,4376,1,3,smart_tv,,
2808021,26288,1196,Star Wars: Episode V - The Empire Strikes Back (1980),Action,u26288-m1196-s1,session_end,1997-02-28T12:49:14.140449+00:00,4376.0,24.0,4376,1,3,smart_tv,,
2808077,26288,1196,Star Wars: Episode V - The Empire Strikes Back (1980),Action,u26288-m1196-s1,rating_given,1997-02-28T13:48:36.401388+00:00,,,4376,1,3,tablet,,5.0
2215838,8365,471,"Hudsucker Proxy, The (1994)",Comedy,u8365-m471-s1,session_start,1999-10-04T23:48:31.577995+00:00,0.0,,3067,1,4,smart_tv,,
2215839,8365,471,"Hudsucker Proxy, The (1994)",Comedy,u8365-m471-s1,segment_watch,1999-10-04T23:52:35.821779+00:00,181.3,1.0,3067,1,4,smart_tv,,
2215840,8365,471,"Hudsucker Proxy, The (1994)",Comedy,u8365-m471-s1,segment_watch,1999-10-04T23:54:29.949638+00:00,376.7,2.0,3067,1,4,smart_tv,,
2215841,8365,471,"Hudsucker Proxy, The (1994)",Comedy,u8365-m471-s1,segment_watch,1999-10-04T23:56:29.045009+00:00,572.3,3.0,3067,1,4,smart_tv,,
2215842,8365,471,"Hudsucker Proxy, The (1994)",Comedy,u8365-m471-s1,pause,1999-10-04T23:57:09.863312+00:00,572.3,3.0,3067,1,4,smart_tv,,
2215843,8365,471,"Hudsucker Proxy, The (1994)",Comedy,u8365-m471-s1,pause,1999-10-04T23:58:39.002747+00:00,572.3,3.0,3067,1,4,smart_tv,,
2215844,8365,471,"Hudsucker Proxy, The (1994)",Comedy,u8365-m471-s1,segment_watch,1999-10-05T00:00:36.395072+00:00,737.2,4.0,3067,1,4,smart_tv,,
2215845,8365,471,"Hudsucker Proxy, The (1994)",Comedy,u8365-m471-s1,segment_watch,1999-10-05T00:02:01.832363+00:00,932.0,5.0,3067,1,4,smart_tv,,
2215846,8365,471,"Hudsucker Proxy, The (1994)",Comedy,u8365-m471-s1,segment_watch,1999-10-05T00:04:19.352781+00:00,1112.3,6.0,3067,1,4,smart_tv,,
2215847,8365,471,"Hudsucker Proxy, The (1994)",Comedy,u8365-m471-s1,segment_watch,1999-10-05T00:06:35.715604+00:00,1298.8,7.0,3067,1,4,smart_tv,,
2215848,8365,471,"Hudsucker Proxy, The (1994)",Comedy,u8365-m471-s1,segment_watch,1999-10-05T00:08:08.509855+00:00,1466.3,8.0,3067,1,4,smart_tv,,
2215849,8365,471,"Hudsucker Proxy, The (1994)",Comedy,u8365-m471-s1,seek_backward,1999-10-05T00:08:30.494709+00:00,2239.6,12.0,3067,1,4,smart_tv,,
2215850,8365,471,"Hudsucker Proxy, The (1994)",Comedy,u8365-m471-s1,seek_backward,1999-10-05T00:08:37.332054+00:00,2277.0,12.0,3067,1,4,smart_tv,,
2215851,8365,471,"Hudsucker Proxy, The (1994)",Comedy,u8365-m471-s1,segment_watch,1999-10-05T00:11:14.384154+00:00,2448.8,13.0,3067,1,4,smart_tv,,
2215852,8365,471,"Hudsucker Proxy, The (1994)",Comedy,u8365-m471-s1,pause,1999-10-05T00:11:53.376188+00:00,2448.8,13.0,3067,1,4,smart_tv,,
2215853,8365,471,"Hudsucker Proxy, The (1994)",Comedy,u8365-m471-s1,segment_watch,1999-10-05T00:13:16.050187+00:00,2618.6,14.0,3067,1,4,smart_tv,,
2215854,8365,471,"Hudsucker Proxy, The (1994)",Comedy,u8365-m471-s1,segment_watch,1999-10-05T00:15:05.920326+00:00,2814.9,15.0,3067,1,4,smart_tv,,
2215855,8365,471,"Hudsucker Proxy, The (1994)",Comedy,u8365-m471-s1,segment_watch,1999-10-05T00:17:00.445728+00:00,3009.8,16.0,3067,1,4,smart_tv,,
2215856,8365,471,"Hudsucker Proxy, The (1994)",Comedy,u8365-m471-s1,segment_watch,1999-10-05T00:18:39.823024+00:00,3175.1,17.0,3067,1,4,smart_tv,,
2215857,8365,471,"Hudsucker Proxy, The (1994)",Comedy,u8365-m471-s1,session_end,1999-10-05T00:19:02.802670+00:00,3067.0,17.0,3067,1,4,smart_tv,,
2215926,8365,471,"Hudsucker Proxy, The (1994)",Comedy,u8365-m471-s1,rating_given,1999-10-05T01:48:35.723738+00:00,,,3067,1,4,mobile,,4.0
4611611,138496,2502,Office Space (1999),Comedy,u138496-m2502-s2,session_start,1999-10-10T03:20:03.016018+00:00,0.0,,7226,2,3,tablet,,
4611612,138496,2502,Office Space (1999),Comedy,u138496-m2502-s2,segment_watch,1999-10-10T03:21:44.693747+00:00,194.3,1.0,7226,2,3,tablet,,
4611613,138496,2502,Office Space (1999),Comedy,u138496-m2502-s2,seek_forward,1999-10-10T03:22:34.231230+00:00,753.4,4.0,7226,2,3,tablet,,
4611614,138496,2502,Office Space (1999),Comedy,u138496-m2502-s2,segment_watch,1999-10-10T03:25:44.828784+00:00,919.9,5.0,7226,2,3,tablet,,
4611615,138496,2502,Office Space (1999),Comedy,u138496-m2502-s2,segment_watch,1999-10-10T03:28:16.833543+00:00,1098.5,6.0,7226,2,3,tablet,,
4611616,138496,2502,Office Space (1999),Comedy,u138496-m2502-s2,segment_watch,1999-10-10T03:30:02.698799+00:00,1268.8,7.0,7226,2,3,tablet,,
4611617,138496,2502,Office Space (1999),Comedy,u138496-m2502-s2,pause,1999-10-10T03:33:45.835512+00:00,1268.8,7.0,7226,2,3,tablet,,
4611618,138496,2502,Office Space (1999),Comedy,u138496-m2502-s2,pause,1999-10-10T03:34:33.383895+00:00,1268.8,7.0,7226,2,3,tablet,,
4611619,138496,2502,Office Space (1999),Comedy,u138496-m2502-s2,segment_watch,1999-10-10T03:36:06.964638+00:00,1446.5,8.0,7226,2,3,tablet,,
4611620,138496,2502,Office Space (1999),Comedy,u138496-m2502-s2,pause,1999-10-10T03:37:56.525430+00:00,1446.5,8.0,7226,2,3,tablet,,
4611621,138496,2502,Office Space (1999),Comedy,u138496-m2502-s2,segment_watch,1999-10-10T03:40:47.120342+00:00,1635.3,9.0,7226,2,3,tablet,,
4611622,138496,2502,Office Space (1999),Comedy,u138496-m2502-s2,segment_watch,1999-10-10T03:44:19.225771+00:00,1803.2,10.0,7226,2,3,tablet,,
4611623,138496,2502,Office Space (1999),Comedy,u138496-m2502-s2,segment_watch,1999-10-10T03:48:50.487896+00:00,2166.3,12.0,7226,2,3,tablet,,
4611624,138496,2502,Office Space (1999),Comedy,u138496-m2502-s2,segment_watch,1999-10-10T03:54:45.471066+00:00,2507.7,13.0,7226,2,3,tablet,,
4611625,138496,2502,Office Space (1999),Comedy,u138496-m2502-s2,seek_forward,1999-10-10T03:54:52.559193+00:00,2798.1,15.0,7226,2,3,tablet,,
4611626,138496,2502,Office Space (1999),Comedy,u138496-m2502-s2,segment_watch,1999-10-10T03:57:37.653296+00:00,2970.6,16.0,7226,2,3,tablet,,
4611627,138496,2502,Office Space (1999),Comedy,u138496-m2502-s2,segment_watch,1999-10-10T03:58:40.413419+00:00,3138.0,17.0,7226,2,3,tablet,,
4611628,138496,2502,Office Space (1999),Comedy,u138496-m2502-s2,seek_forward,1999-10-10T03:59:05.154221+00:00,3546.9,19.0,7226,2,3,tablet,,
4611629,138496,2502,Office Space (1999),Comedy,u138496-m2502-s2,segment_watch,1999-10-10T04:01:12.809228+00:00,3742.2,20.0,7226,2,3,tablet,,
4611630,138496,2502,Office Space (1999),Comedy,u138496-m2502-s2,segment_watch,1999-10-10T04:02:30.458939+00:00,3908.7,21.0,7226,2,3,tablet,,
4611631,138496,2502,Office Space (1999),Comedy,u138496-m2502-s2,segment_watch,1999-10-10T04:06:07.170098+00:00,4102.4,22.0,7226,2,3,tablet,,
4611632,138496,2502,Office Space (1999),Comedy,u138496-m2502-s2,seek_forward,1999-10-10T04:06:27.333958+00:00,4463.1,24.0,7226,2,3,tablet,,
4611633,138496,2502,Office Space (1999),Comedy,u138496-m2502-s2,seek_forward,1999-10-10T04:06:51.591533+00:00,5160.7,28.0,7226,2,3,tablet,,
4611634,138496,2502,Office Space (1999),Comedy,u138496-m2502-s2,segment_watch,1999-10-10T04:08:23.497979+00:00,5333.1,29.0,7226,2,3,tablet,,
4611635,138496,2502,Office Space (1999),Comedy,u138496-m2502-s2,seek_forward,1999-10-10T04:08:31.353044+00:00,5573.6,30.0,7226,2,3,tablet,,
4611636,138496,2502,Office Space (1999),Comedy,u138496-m2502-s2,segment_watch,1999-10-10T04:11:41.661211+00:00,5753.0,31.0,7226,2,3,tablet,,
4611637,138496,2502,Office Space (1999),Comedy,u138496-m2502-s2,seek_backward,1999-10-10T04:11:55.938139+00:00,6236.0,34.0,7226,2,3,tablet,,
4611638,138496,2502,Office Space (1999),Comedy,u138496-m2502-s2,segment_watch,1999-10-10T04:14:51.650401+00:00,6422.5,35.0,7226,2,3,tablet,,
4611639,138496,2502,Office Space (1999),Comedy,u138496-m2502-s2,segment_watch,1999-10-10T04:17:43.001244+00:00,6602.2,36.0,7226,2,3,tablet,,
4611640,138496,2502,Office Space (1999),Comedy,u138496-m2502-s2,segment_watch,1999-10-10T04:19:34.327246+00:00,6792.4,37.0,7226,2,3,tablet,,
4611641,138496,2502,Office Space (1999),Comedy,u138496-m2502-s2,segment_watch,1999-10-10T04:22:23.669879+00:00,6957.8,38.0,7226,2,3,tablet,,
4611642,138496,2502,Office Space (1999),Comedy,u138496-m2502-s2,seek_forward,1999-10-10T04:22:39.946302+00:00,7170.0,39.0,7226,2,3,tablet,,
4611643,138496,2502,Office Space (1999),Comedy,u138496-m2502-s2,session_end,1999-10-10T04:24:10.498907+00:00,7170.0,39.0,7226,2,3,tablet,,
3955689,120932,1617,L.A. Confidential (1997),Crime,u120932-m1617-s1,session_start,1999-12-13T02:48:24.754697+00:00,0.0,,7536,1,2,smart_tv,,
3955690,120932,1617,L.A. Confidential (1997),Crime,u120932-m1617-s1,pause,1999-12-13T02:53:33.879038+00:00,0.0,0.0,7536,1,2,smart_tv,,
3955691,120932,1617,L.A. Confidential (1997),Crime,u120932-m1617-s1,segment_watch,1999-12-13T02:55:39.792841+00:00,192.4,1.0,7536,1,2,smart_tv,,
3955692,120932,1617,L.A. Confidential (1997),Crime,u120932-m1617-s1,segment_watch,1999-12-13T02:57:37.297701+00:00,377.8,2.0,7536,1,2,smart_tv,,
3955693,120932,1617,L.A. Confidential (1997),Crime,u120932-m1617-s1,segment_watch,1999-12-13T03:01:29.669325+00:00,544.7,3.0,7536,1,2,smart_tv,,
3955694,120932,1617,L.A. Confidential (1997),Crime,u120932-m1617-s1,segment_watch,1999-12-13T03:04:22.138942+00:00,740.9,4.0,7536,1,2,smart_tv,,
3955695,120932,1617,L.A. Confidential (1997),Crime,u120932-m1617-s1,segment_watch,1999-12-13T03:07:01.649417+00:00,923.8,5.0,7536,1,2,smart_tv,,
3955696,120932,1617,L.A. Confidential (1997),Crime,u120932-m1617-s1,segment_watch,1999-12-13T03:09:57.317221+00:00,1097.3,6.0,7536,1,2,smart_tv,,
3955697,120932,1617,L.A. Confidential (1997),Crime,u120932-m1617-s1,segment_watch,1999-12-13T03:11:31.222325+00:00,1288.1,7.0,7536,1,2,smart_tv,,
3955698,120932,1617,L.A. Confidential (1997),Crime,u120932-m1617-s1,segment_watch,1999-12-13T03:13:32.121499+00:00,1455.7,8.0,7536,1,2,smart_tv,,
3955699,120932,1617,L.A. Confidential (1997),Crime,u120932-m1617-s1,segment_watch,1999-12-13T03:15:49.064030+00:00,1643.1,9.0,7536,1,2,smart_tv,,
3955700,120932,1617,L.A. Confidential (1997),Crime,u120932-m1617-s1,segment_watch,1999-12-13T03:20:09.080320+00:00,1826.5,10.0,7536,1,2,smart_tv,,
3955701,120932,1617,L.A. Confidential (1997),Crime,u120932-m1617-s1,segment_watch,1999-12-13T03:22:03.746948+00:00,2007.7,11.0,7536,1,2,smart_tv,,
3955702,120932,1617,L.A. Confidential (1997),Crime,u120932-m1617-s1,seek_forward,1999-12-13T03:22:29.106691+00:00,2273.5,12.0,7536,1,2,smart_tv,,
3955703,120932,1617,L.A. Confidential (1997),Crime,u120932-m1617-s1,segment_watch,1999-12-13T03:24:37.584148+00:00,2458.1,13.0,7536,1,2,smart_tv,,
3955704,120932,1617,L.A. Confidential (1997),Crime,u120932-m1617-s1,segment_watch,1999-12-13T03:26:58.633349+00:00,2629.6,14.0,7536,1,2,smart_tv,,
3955705,120932,1617,L.A. Confidential (1997),Crime,u120932-m1617-s1,segment_watch,1999-12-13T03:29:54.195325+00:00,2824.4,15.0,7536,1,2,smart_tv,,
3955706,120932,1617,L.A. Confidential (1997),Crime,u120932-m1617-s1,pause,1999-12-13T03:37:07.845523+00:00,2824.4,15.0,7536,1,2,smart_tv,,
3955707,120932,1617,L.A. Confidential (1997),Crime,u120932-m1617-s1,segment_watch,1999-12-13T03:39:23.736845+00:00,2996.0,16.0,7536,1,2,smart_tv,,
3955708,120932,1617,L.A. Confidential (1997),Crime,u120932-m1617-s1,seek_forward,1999-12-13T03:39:31.049204+00:00,3271.2,18.0,7536,1,2,smart_tv,,
3955709,120932,1617,L.A. Confidential (1997),Crime,u120932-m1617-s1,pause,1999-12-13T03:40:48.073358+00:00,3271.2,18.0,7536,1,2,smart_tv,,
3955710,120932,1617,L.A. Confidential (1997),Crime,u120932-m1617-s1,pause,1999-12-13T03:42:07.360364+00:00,3271.2,18.0,7536,1,2,smart_tv,,
3955711,120932,1617,L.A. Confidential (1997),Crime,u120932-m1617-s1,pause,1999-12-13T03:43:33.767379+00:00,3271.2,18.0,7536,1,2,smart_tv,,
3955712,120932,1617,L.A. Confidential (1997),Crime,u120932-m1617-s1,pause,1999-12-13T03:43:58.621048+00:00,3271.2,18.0,7536,1,2,smart_tv,,
3955713,120932,1617,L.A. Confidential (1997),Crime,u120932-m1617-s1,segment_watch,1999-12-13T03:46:30.762751+00:00,3443.1,19.0,7536,1,2,smart_tv,,
3955714,120932,1617,L.A. Confidential (1997),Crime,u120932-m1617-s1,segment_watch,1999-12-13T03:48:58.909513+00:00,3633.5,20.0,7536,1,2,smart_tv,,
3955715,120932,1617,L.A. Confidential (1997),Crime,u120932-m1617-s1,segment_watch,1999-12-13T03:50:35.200711+00:00,3813.2,21.0,7536,1,2,smart_tv,,
3955716,120932,1617,L.A. Confidential (1997),Crime,u120932-m1617-s1,pause,1999-12-13T03:53:51.292380+00:00,3813.2,21.0,7536,1,2,smart_tv,,
3955717,120932,1617,L.A. Confidential (1997),Crime,u120932-m1617-s1,seek_forward,1999-12-13T03:54:06.884115+00:00,4075.0,22.0,7536,1,2,smart_tv,,
3955718,120932,1617,L.A. Confidential (1997),Crime,u120932-m1617-s1,segment_watch,1999-12-13T03:56:27.167142+00:00,4248.6,23.0,7536,1,2,smart_tv,,
3955719,120932,1617,L.A. Confidential (1997),Crime,u120932-m1617-s1,segment_watch,1999-12-13T03:59:35.636138+00:00,4417.5,24.0,7536,1,2,smart_tv,,
3955720,120932,1617,L.A. Confidential (1997),Crime,u120932-m1617-s1,pause,1999-12-13T04:00:13.612306+00:00,4417.5,24.0,7536,1,2,smart_tv,,
3955721,120932,1617,L.A. Confidential (1997),Crime,u120932-m1617-s1,pause,1999-12-13T04:01:12.261806+00:00,4417.5,24.0,7536,1,2,smart_tv,,
3955722,120932,1617,L.A. Confidential (1997),Crime,u120932-m1617-s1,segment_watch,1999-12-13T04:02:15.215105+00:00,4593.4,25.0,7536,1,2,smart_tv,,
3955723,120932,1617,L.A. Confidential (1997),Crime,u120932-m1617-s1,segment_watch,1999-12-13T04:04:38.373689+00:00,4788.1,26.0,7536,1,2,smart_tv,,
3955724,120932,1617,L.A. Confidential (1997),Crime,u120932-m1617-s1,segment_watch,1999-12-13T04:05:43.828063+00:00,4976.8,27.0,7536,1,2,smart_tv,,
3955725,120932,1617,L.A. Confidential (1997),Crime,u120932-m1617-s1,segment_watch,1999-12-13T04:07:08.769307+00:00,5163.0,28.0,7536,1,2,smart_tv,,
3955726,120932,1617,L.A. Confidential (1997),Crime,u120932-m1617-s1,pause,1999-12-13T04:07:34.511271+00:00,5163.0,28.0,7536,1,2,smart_tv,,
3955727,120932,1617,L.A. Confidential (1997),Crime,u120932-m1617-s1,segment_watch,1999-12-13T04:10:31.373879+00:00,5357.9,29.0,7536,1,2,smart_tv,,
3955728,120932,1617,L.A. Confidential (1997),Crime,u120932-m1617-s1,pause,1999-12-13T04:16:39.190894+00:00,5357.9,29.0,7536,1,2,smart_tv,,
3955729,120932,1617,L.A. Confidential (1997),Crime,u120932-m1617-s1,pause,1999-12-13T04:18:50.411054+00:00,5357.9,29.0,7536,1,2,smart_tv,,
3955730,120932,1617,L.A. Confidential (1997),Crime,u120932-m1617-s1,pause,1999-12-13T04:21:09.690886+00:00,5357.9,29.0,7536,1,2,smart_tv,,
3955731,120932,1617,L.A. Confidential (1997),Crime,u120932-m1617-s1,segment_watch,1999-12-13T04:22:54.455116+00:00,5541.3,30.0,7536,1,2,smart_tv,,
3955732,120932,1617,L.A. Confidential (1997),Crime,u120932-m1617-s1,segment_watch,1999-12-13T04:25:17.223160+00:00,5707.6,31.0,7536,1,2,smart_tv,,
3955733,120932,1617,L.A. Confidential (1997),Crime,u120932-m1617-s1,segment_watch,1999-12-13T04:27:06.837851+00:00,5871.1,32.0,7536,1,2,smart_tv,,
3955734,120932,1617,L.A. Confidential (1997),Crime,u120932-m1617-s1,segment_watch,1999-12-13T04:28:45.140303+00:00,6044.5,33.0,7536,1,2,smart_tv,,
3955735,120932,1617,L.A. Confidential (1997),Crime,u120932-m1617-s1,segment_watch,1999-12-13T04:29:44.798142+00:00,6231.8,34.0,7536,1,2,smart_tv,,
3955736,120932,1617,L.A. Confidential (1997),Crime,u120932-m1617-s1,segment_watch,1999-12-13T04:31:16.040797+00:00,6398.2,35.0,7536,1,2,smart_tv,,
3955737,120932,1617,L.A. Confidential (1997),Crime,u120932-m1617-s1,segment_watch,1999-12-13T04:33:51.230041+00:00,6568.3,36.0,7536,1,2,smart_tv,,
3955738,120932,1617,L.A. Confidential (1997),Crime,u120932-m1617-s1,seek_backward,1999-12-13T04:34:24.540643+00:00,5043.6,28.0,7536,1,2,smart_tv,,
3955739,120932,1617,L.A. Confidential (1997),Crime,u120932-m1617-s1,segment_watch,1999-12-13T04:35:17.198316+00:00,5238.6,29.0,7536,1,2,smart_tv,,
3955740,120932,1617,L.A. Confidential (1997),Crime,u120932-m1617-s1,pause,1999-12-13T04:36:34.289487+00:00,5238.6,29.0,7536,1,2,smart_tv,,
3955741,120932,1617,L.A. Confidential (1997),Crime,u120932-m1617-s1,segment_watch,1999-12-13T04:39:04.206348+00:00,5414.8,30.0,7536,1,2,smart_tv,,
3955742,120932,1617,L.A. Confidential (1997),Crime,u120932-m1617-s1,segment_watch,1999-12-13T04:40:54.879470+00:00,5612.1,31.0,7536,1,2,smart_tv,,
3955743,120932,1617,L.A. Confidential (1997),Crime,u120932-m1617-s1,segment_watch,1999-12-13T04:42:47.766059+00:00,5781.9,32.0,7536,1,2,smart_tv,,
3955744,120932,1617,L.A. Confidential (1997),Crime,u120932-m1617-s1,segment_watch,1999-12-13T04:45:54.217348+00:00,5951.9,33.0,7536,1,2,smart_tv,,
3955745,120932,1617,L.A. Confidential (1997),Crime,u120932-m1617-s1,segment_watch,1999-12-13T04:49:51.646178+00:00,6133.8,34.0,7536,1,2,smart_tv,,
3955746,120932,1617,L.A. Confidential (1997),Crime,u120932-m1617-s1,segment_watch,1999-12-13T04:53:20.651706+00:00,6330.4,35.0,7536,1,2,smart_tv,,
3955747,120932,1617,L.A. Confidential (1997),Crime,u120932-m1617-s1,segment_watch,1999-12-13T04:55:58.442356+00:00,6517.1,36.0,7536,1,2,smart_tv,,
3955748,120932,1617,L.A. Confidential (1997),Crime,u120932-m1617-s1,segment_watch,1999-12-13T04:58:18.020659+00:00,6682.3,37.0,7536,1,2,smart_tv,,
3955749,120932,1617,L.A. Confidential (1997),Crime,u120932-m1617-s1,segment_watch,1999-12-13T05:00:51.104472+00:00,6857.2,38.0,7536,1,2,smart_tv,,
3955750,120932,1617,L.A. Confidential (1997),Crime,u120932-m1617-s1,seek_forward,1999-12-13T05:01:21.684051+00:00,7471.4,41.0,7536,1,2,smart_tv,,
3955751,120932,1617,L.A. Confidential (1997),Crime,u120932-m1617-s1,session_end,1999-12-13T05:01:56.422755+00:00,7471.4,41.0,7536,1,2,smart_tv,,
3955798,120932,1617,L.A. Confidential (1997),Crime,u120932-m1617-s1,rating_given,1999-12-13T07:52:41.531223+00:00,,,7536,1,2,smart_tv,,5.0
403734,16503,1947,West Side Story (1961),Drama,u16503-m1947-s2,session_start,1999-12-13T11:12:02.892975+00:00,0.0,,7179,2,2,mobile,,
403735,16503,1947,West Side Story (1961),Drama,u16503-m1947-s2,segment_watch,1999-12-13T11:14:23.966567+00:00,170.8,0.0,7179,2,2,mobile,,
403736,16503,1947,West Side Story (1961),Drama,u16503-m1947-s2,segment_watch,1999-12-13T11:16:55.885276+00:00,336.2,1.0,7179,2,2,mobile,,
403737,16503,1947,West Side Story (1961),Drama,u16503-m1947-s2,segment_watch,1999-12-13T11:18:21.396183+00:00,529.9,2.0,7179,2,2,mobile,,
403738,16503,1947,West Side Story (1961),Drama,u16503-m1947-s2,pause,1999-12-13T11:18:56.681029+00:00,529.9,2.0,7179,2,2,mobile,,
403739,16503,1947,West Side Story (1961),Drama,u16503-m1947-s2,pause,1999-12-13T11:22:15.521919+00:00,529.9,2.0,7179,2,2,mobile,,
403740,16503,1947,West Side Story (1961),Drama,u16503-m1947-s2,segment_watch,1999-12-13T11:23:16.933437+00:00,724.7,4.0,7179,2,2,mobile,,
403741,16503,1947,West Side Story (1961),Drama,u16503-m1947-s2,seek_forward,1999-12-13T11:23:26.275955+00:00,1040.6,5.0,7179,2,2,mobile,,
403742,16503,1947,West Side Story (1961),Drama,u16503-m1947-s2,pause,1999-12-13T11:27:00.631569+00:00,1040.6,5.0,7179,2,2,mobile,,
403743,16503,1947,West Side Story (1961),Drama,u16503-m1947-s2,seek_forward,1999-12-13T11:27:23.902160+00:00,1533.9,8.0,7179,2,2,mobile,,
403744,16503,1947,West Side Story (1961),Drama,u16503-m1947-s2,segment_watch,1999-12-13T11:28:53.955178+00:00,1698.5,9.0,7179,2,2,mobile,,
403745,16503,1947,West Side Story (1961),Drama,u16503-m1947-s2,segment_watch,1999-12-13T11:30:43.450318+00:00,1861.6,10.0,7179,2,2,mobile,,
403746,16503,1947,West Side Story (1961),Drama,u16503-m1947-s2,segment_watch,1999-12-13T11:33:35.055046+00:00,2057.2,11.0,7179,2,2,mobile,,
403747,16503,1947,West Side Story (1961),Drama,u16503-m1947-s2,pause,1999-12-13T11:36:32.286512+00:00,2057.2,11.0,7179,2,2,mobile,,
403748,16503,1947,West Side Story (1961),Drama,u16503-m1947-s2,pause,1999-12-13T11:36:49.642191+00:00,2057.2,11.0,7179,2,2,mobile,,
403749,16503,1947,West Side Story (1961),Drama,u16503-m1947-s2,seek_forward,1999-12-13T11:36:58.511588+00:00,2682.9,14.0,7179,2,2,mobile,,
403750,16503,1947,West Side Story (1961),Drama,u16503-m1947-s2,pause,1999-12-13T11:38:42.872292+00:00,2682.9,14.0,7179,2,2,mobile,,
403751,16503,1947,West Side Story (1961),Drama,u16503-m1947-s2,pause,1999-12-13T11:41:22.972414+00:00,2682.9,14.0,7179,2,2,mobile,,
403752,16503,1947,West Side Story (1961),Drama,u16503-m1947-s2,segment_watch,1999-12-13T11:44:21.950372+00:00,2880.3,16.0,7179,2,2,mobile,,
403753,16503,1947,West Side Story (1961),Drama,u16503-m1947-s2,seek_forward,1999-12-13T11:44:31.154423+00:00,3287.5,18.0,7179,2,2,mobile,,
403754,16503,1947,West Side Story (1961),Drama,u16503-m1947-s2,segment_watch,1999-12-13T11:47:21.240557+00:00,3456.4,19.0,7179,2,2,mobile,,
403755,16503,1947,West Side Story (1961),Drama,u16503-m1947-s2,segment_watch,1999-12-13T11:48:54.459332+00:00,3623.9,20.0,7179,2,2,mobile,,
403756,16503,1947,West Side Story (1961),Drama,u16503-m1947-s2,segment_watch,1999-12-13T11:51:03.232970+00:00,3805.8,21.0,7179,2,2,mobile,,
403757,16503,1947,West Side Story (1961),Drama,u16503-m1947-s2,segment_watch,1999-12-13T11:52:41.102108+00:00,3992.6,22.0,7179,2,2,mobile,,
403758,16503,1947,West Side Story (1961),Drama,u16503-m1947-s2,segment_watch,1999-12-13T11:54:03.645077+00:00,4160.0,23.0,7179,2,2,mobile,,
403759,16503,1947,West Side Story (1961),Drama,u16503-m1947-s2,segment_watch,1999-12-13T11:58:46.459743+00:00,4351.4,24.0,7179,2,2,mobile,,
403760,16503,1947,West Side Story (1961),Drama,u16503-m1947-s2,pause,1999-12-13T12:12:27.337959+00:00,4351.4,24.0,7179,2,2,mobile,,
403761,16503,1947,West Side Story (1961),Drama,u16503-m1947-s2,segment_watch,1999-12-13T12:15:30.913368+00:00,4544.8,25.0,7179,2,2,mobile,,
403762,16503,1947,West Side Story (1961),Drama,u16503-m1947-s2,segment_watch,1999-12-13T12:17:58.159938+00:00,4719.5,26.0,7179,2,2,mobile,,
403763,16503,1947,West Side Story (1961),Drama,u16503-m1947-s2,seek_forward,1999-12-13T12:18:19.949000+00:00,5046.5,28.0,7179,2,2,mobile,,
403764,16503,1947,West Side Story (1961),Drama,u16503-m1947-s2,segment_watch,1999-12-13T12:23:28.489703+00:00,5234.2,29.0,7179,2,2,mobile,,
403765,16503,1947,West Side Story (1961),Drama,u16503-m1947-s2,segment_watch,1999-12-13T12:25:56.507669+00:00,5418.8,30.0,7179,2,2,mobile,,
403766,16503,1947,West Side Story (1961),Drama,u16503-m1947-s2,pause,1999-12-13T12:26:47.724295+00:00,5418.8,30.0,7179,2,2,mobile,,
403767,16503,1947,West Side Story (1961),Drama,u16503-m1947-s2,pause,1999-12-13T12:29:29.404376+00:00,5418.8,30.0,7179,2,2,mobile,,
403768,16503,1947,West Side Story (1961),Drama,u16503-m1947-s2,seek_backward,1999-12-13T12:30:24.281062+00:00,4184.7,23.0,7179,2,2,mobile,,
403769,16503,1947,West Side Story (1961),Drama,u16503-m1947-s2,segment_watch,1999-12-13T12:32:11.743069+00:00,4374.8,24.0,7179,2,2,mobile,,
403770,16503,1947,West Side Story (1961),Drama,u16503-m1947-s2,pause,1999-12-13T12:32:30.656900+00:00,4374.8,24.0,7179,2,2,mobile,,
403771,16503,1947,West Side Story (1961),Drama,u16503-m1947-s2,segment_watch,1999-12-13T12:34:28.539678+00:00,4560.6,25.0,7179,2,2,mobile,,
403772,16503,1947,West Side Story (1961),Drama,u16503-m1947-s2,segment_watch,1999-12-13T12:36:07.320675+00:00,4729.2,26.0,7179,2,2,mobile,,
403773,16503,1947,West Side Story (1961),Drama,u16503-m1947-s2,seek_forward,1999-12-13T12:36:13.025274+00:00,5191.2,28.0,7179,2,2,mobile,,
403774,16503,1947,West Side Story (1961),Drama,u16503-m1947-s2,segment_watch,1999-12-13T12:38:07.981400+00:00,5387.8,29.0,7179,2,2,mobile,,
403775,16503,1947,West Side Story (1961),Drama,u16503-m1947-s2,segment_watch,1999-12-13T12:40:29.764787+00:00,5572.2,30.0,7179,2,2,mobile,,
403776,16503,1947,West Side Story (1961),Drama,u16503-m1947-s2,segment_watch,1999-12-13T12:43:08.986780+00:00,5757.6,31.0,7179,2,2,mobile,,
403777,16503,1947,West Side Story (1961),Drama,u16503-m1947-s2,seek_forward,1999-12-13T12:43:27.950093+00:00,6209.8,34.0,7179,2,2,mobile,,
403778,16503,1947,West Side Story (1961),Drama,u16503-m1947-s2,segment_watch,1999-12-13T12:48:12.719101+00:00,6396.8,35.0,7179,2,2,mobile,,
403779,16503,1947,West Side Story (1961),Drama,u16503-m1947-s2,segment_watch,1999-12-13T12:50:06.495764+00:00,6571.5,36.0,7179,2,2,mobile,,
403780,16503,1947,West Side Story (1961),Drama,u16503-m1947-s2,seek_forward,1999-12-13T12:50:22.244325+00:00,7051.3,39.0,7179,2,2,mobile,,
403781,16503,1947,West Side Story (1961),Drama,u16503-m1947-s2,session_end,1999-12-13T12:50:58.137331+00:00,7051.3,39.0,7179,2,2,mobile,,
3349436,9411,2541,Cruel Intentions (1999),Drama,u9411-m2541-s2,session_start,1999-12-20T09:57:39.535609+00:00,0.0,,6663,2,2,mobile,,
3349437,9411,2541,Cruel Intentions (1999),Drama,u9411-m2541-s2,pause,1999-12-20T10:01:33.830022+00:00,0.0,0.0,6663,2,2,mobile,,
3349438,9411,2541,Cruel Intentions (1999),Drama,u9411-m2541-s2,segment_watch,1999-12-20T10:03:26.435193+00:00,176.4,0.0,6663,2,2,mobile,,
3349439,9411,2541,Cruel Intentions (1999),Drama,u9411-m2541-s2,pause,1999-12-20T10:04:21.065481+00:00,176.4,0.0,6663,2,2,mobile,,
3349440,9411,2541,Cruel Intentions (1999),Drama,u9411-m2541-s2,segment_watch,1999-12-20T10:06:04.562677+00:00,352.1,1.0,6663,2,2,mobile,,
3349441,9411,2541,Cruel Intentions (1999),Drama,u9411-m2541-s2,pause,1999-12-20T10:06:26.565791+00:00,352.1,1.0,6663,2,2,mobile,,
3349442,9411,2541,Cruel Intentions (1999),Drama,u9411-m2541-s2,segment_watch,1999-12-20T10:07:48.025176+00:00,515.4,2.0,6663,2,2,mobile,,
3349443,9411,2541,Cruel Intentions (1999),Drama,u9411-m2541-s2,seek_forward,1999-12-20T10:08:51.922601+00:00,1000.0,5.0,6663,2,2,mobile,,
3349444,9411,2541,Cruel Intentions (1999),Drama,u9411-m2541-s2,pause,1999-12-20T10:09:21.447909+00:00,1000.0,5.0,6663,2,2,mobile,,
3349445,9411,2541,Cruel Intentions (1999),Drama,u9411-m2541-s2,segment_watch,1999-12-20T10:10:46.077854+00:00,1168.7,6.0,6663,2,2,mobile,,
3349446,9411,2541,Cruel Intentions (1999),Drama,u9411-m2541-s2,pause,1999-12-20T10:14:44.895965+00:00,1168.7,6.0,6663,2,2,mobile,,
3349447,9411,2541,Cruel Intentions (1999),Drama,u9411-m2541-s2,pause,1999-12-20T10:18:31.142337+00:00,1168.7,6.0,6663,2,2,mobile,,
3349448,9411,2541,Cruel Intentions (1999),Drama,u9411-m2541-s2,segment_watch,1999-12-20T10:20:05.392910+00:00,1336.8,7.0,6663,2,2,mobile,,
3349449,9411,2541,Cruel Intentions (1999),Drama,u9411-m2541-s2,segment_watch,1999-12-20T10:23:19.722737+00:00,1516.1,8.0,6663,2,2,mobile,,
3349450,9411,2541,Cruel Intentions (1999),Drama,u9411-m2541-s2,pause,1999-12-20T10:25:25.474080+00:00,1516.1,8.0,6663,2,2,mobile,,
3349451,9411,2541,Cruel Intentions (1999),Drama,u9411-m2541-s2,seek_forward,1999-12-20T10:25:50.580028+00:00,2171.9,12.0,6663,2,2,mobile,,
3349452,9411,2541,Cruel Intentions (1999),Drama,u9411-m2541-s2,pause,1999-12-20T10:28:47.349418+00:00,2171.9,12.0,6663,2,2,mobile,,
3349453,9411,2541,Cruel Intentions (1999),Drama,u9411-m2541-s2,segment_watch,1999-12-20T10:31:01.139459+00:00,2334.4,12.0,6663,2,2,mobile,,
3349454,9411,2541,Cruel Intentions (1999),Drama,u9411-m2541-s2,segment_watch,1999-12-20T10:32:49.609083+00:00,2515.4,13.0,6663,2,2,mobile,,
3349455,9411,2541,Cruel Intentions (1999),Drama,u9411-m2541-s2,pause,1999-12-20T10:33:28.884077+00:00,2515.4,13.0,6663,2,2,mobile,,
3349456,9411,2541,Cruel Intentions (1999),Drama,u9411-m2541-s2,pause,1999-12-20T10:33:45.567264+00:00,2515.4,13.0,6663,2,2,mobile,,
3349457,9411,2541,Cruel Intentions (1999),Drama,u9411-m2541-s2,segment_watch,1999-12-20T10:35:22.747450+00:00,2702.7,15.0,6663,2,2,mobile,,
3349458,9411,2541,Cruel Intentions (1999),Drama,u9411-m2541-s2,segment_watch,1999-12-20T10:42:07.187045+00:00,3037.5,16.0,6663,2,2,mobile,,
3349459,9411,2541,Cruel Intentions (1999),Drama,u9411-m2541-s2,segment_watch,1999-12-20T10:43:15.752903+00:00,3219.2,17.0,6663,2,2,mobile,,
3349460,9411,2541,Cruel Intentions (1999),Drama,u9411-m2541-s2,pause,1999-12-20T10:44:42.382190+00:00,3219.2,17.0,6663,2,2,mobile,,
3349461,9411,2541,Cruel Intentions (1999),Drama,u9411-m2541-s2,pause,1999-12-20T10:45:18.917855+00:00,3219.2,17.0,6663,2,2,mobile,,
3349462,9411,2541,Cruel Intentions (1999),Drama,u9411-m2541-s2,segment_watch,1999-12-20T10:48:42.881111+00:00,3416.5,18.0,6663,2,2,mobile,,
3349463,9411,2541,Cruel Intentions (1999),Drama,u9411-m2541-s2,segment_watch,1999-12-20T10:51:31.311794+00:00,3584.9,19.0,6663,2,2,mobile,,
3349464,9411,2541,Cruel Intentions (1999),Drama,u9411-m2541-s2,segment_watch,1999-12-20T10:53:37.400160+00:00,3777.5,20.0,6663,2,2,mobile,,
3349465,9411,2541,Cruel Intentions (1999),Drama,u9411-m2541-s2,segment_watch,1999-12-20T10:55:27.226171+00:00,3967.9,22.0,6663,2,2,mobile,,
3349466,9411,2541,Cruel Intentions (1999),Drama,u9411-m2541-s2,segment_watch,1999-12-20T10:58:09.154001+00:00,4159.2,23.0,6663,2,2,mobile,,
3349467,9411,2541,Cruel Intentions (1999),Drama,u9411-m2541-s2,drop_off,1999-12-20T10:59:18.104576+00:00,3917.5,21.0,6663,2,2,mobile,,
2068654,122803,2420,"Karate Kid, The (1984)",Drama,u122803-m2420-s1,session_start,2000-04-19T02:53:59.762059+00:00,0.0,,6008,1,2,web,,
2068655,122803,2420,"Karate Kid, The (1984)",Drama,u122803-m2420-s1,seek_forward,2000-04-19T02:54:22.584904+00:00,348.8,1.0,6008,1,2,web,,
2068656,122803,2420,"Karate Kid, The (1984)",Drama,u122803-m2420-s1,segment_watch,2000-04-19T02:56:16.328444+00:00,538.3,2.0,6008,1,2,web,,
2068657,122803,2420,"Karate Kid, The (1984)",Drama,u122803-m2420-s1,segment_watch,2000-04-19T02:58:00.554888+00:00,701.1,3.0,6008,1,2,web,,
2068658,122803,2420,"Karate Kid, The (1984)",Drama,u122803-m2420-s1,segment_watch,2000-04-19T03:01:46.477114+00:00,896.2,4.0,6008,1,2,web,,
2068659,122803,2420,"Karate Kid, The (1984)",Drama,u122803-m2420-s1,segment_watch,2000-04-19T03:05:07.296884+00:00,1092.1,6.0,6008,1,2,web,,
2068660,122803,2420,"Karate Kid, The (1984)",Drama,u122803-m2420-s1,seek_forward,2000-04-19T03:05:26.801812+00:00,1781.7,9.0,6008,1,2,web,,
2068661,122803,2420,"Karate Kid, The (1984)",Drama,u122803-m2420-s1,pause,2000-04-19T03:07:21.683917+00:00,1781.7,9.0,6008,1,2,web,,
2068662,122803,2420,"Karate Kid, The (1984)",Drama,u122803-m2420-s1,pause,2000-04-19T03:08:13.249726+00:00,1781.7,9.0,6008,1,2,web,,
2068663,122803,2420,"Karate Kid, The (1984)",Drama,u122803-m2420-s1,segment_watch,2000-04-19T03:10:34.832045+00:00,1954.2,10.0,6008,1,2,web,,
2068664,122803,2420,"Karate Kid, The (1984)",Drama,u122803-m2420-s1,segment_watch,2000-04-19T03:13:36.767002+00:00,2118.4,11.0,6008,1,2,web,,
2068665,122803,2420,"Karate Kid, The (1984)",Drama,u122803-m2420-s1,segment_watch,2000-04-19T03:15:39.401409+00:00,2294.9,12.0,6008,1,2,web,,
2068666,122803,2420,"Karate Kid, The (1984)",Drama,u122803-m2420-s1,segment_watch,2000-04-19T03:18:17.838800+00:00,2467.8,13.0,6008,1,2,web,,
2068667,122803,2420,"Karate Kid, The (1984)",Drama,u122803-m2420-s1,pause,2000-04-19T03:18:34.186092+00:00,2467.8,13.0,6008,1,2,web,,
2068668,122803,2420,"Karate Kid, The (1984)",Drama,u122803-m2420-s1,seek_forward,2000-04-19T03:19:12.271633+00:00,2997.4,16.0,6008,1,2,web,,
2068669,122803,2420,"Karate Kid, The (1984)",Drama,u122803-m2420-s1,pause,2000-04-19T03:20:32.900646+00:00,2997.4,16.0,6008,1,2,web,,
2068670,122803,2420,"Karate Kid, The (1984)",Drama,u122803-m2420-s1,segment_watch,2000-04-19T03:21:53.617298+00:00,3194.7,17.0,6008,1,2,web,,
2068671,122803,2420,"Karate Kid, The (1984)",Drama,u122803-m2420-s1,segment_watch,2000-04-19T03:23:47.146148+00:00,3384.8,18.0,6008,1,2,web,,
2068672,122803,2420,"Karate Kid, The (1984)",Drama,u122803-m2420-s1,seek_forward,2000-04-19T03:24:22.813034+00:00,4048.6,22.0,6008,1,2,web,,
2068673,122803,2420,"Karate Kid, The (1984)",Drama,u122803-m2420-s1,seek_forward,2000-04-19T03:25:15.357140+00:00,4744.4,26.0,6008,1,2,web,,
2068674,122803,2420,"Karate Kid, The (1984)",Drama,u122803-m2420-s1,segment_watch,2000-04-19T03:26:39.442147+00:00,4921.6,27.0,6008,1,2,web,,
2068675,122803,2420,"Karate Kid, The (1984)",Drama,u122803-m2420-s1,segment_watch,2000-04-19T03:29:48.392000+00:00,5117.7,28.0,6008,1,2,web,,
2068676,122803,2420,"Karate Kid, The (1984)",Drama,u122803-m2420-s1,segment_watch,2000-04-19T03:33:03.539187+00:00,5301.3,29.0,6008,1,2,web,,
2068677,122803,2420,"Karate Kid, The (1984)",Drama,u122803-m2420-s1,segment_watch,2000-04-19T03:35:14.455947+00:00,5487.5,30.0,6008,1,2,web,,
2068678,122803,2420,"Karate Kid, The (1984)",Drama,u122803-m2420-s1,segment_watch,2000-04-19T03:36:58.373178+00:00,5676.9,31.0,6008,1,2,web,,
2068679,122803,2420,"Karate Kid, The (1984)",Drama,u122803-m2420-s1,segment_watch,2000-04-19T03:38:38.942399+00:00,5874.1,32.0,6008,1,2,web,,
2068680,122803,2420,"Karate Kid, The (1984)",Drama,u122803-m2420-s1,segment_watch,2000-04-19T03:41:51.490379+00:00,6038.8,33.0,6008,1,2,web,,
2068681,122803,2420,"Karate Kid, The (1984)",Drama,u122803-m2420-s1,session_end,2000-04-19T03:42:08.424155+00:00,6008.0,33.0,6008,1,2,web,,
2068715,122803,2420,"Karate Kid, The (1984)",Drama,u122803-m2420-s1,rating_given,2000-04-19T06:04:19.821093+00:00,,,6008,1,2,mobile,,4.0
3041789,86108,2009,Soylent Green (1973),Drama,u86108-m2009-s1,session_start,2000-04-25T18:14:55.925744+00:00,0.0,,8111,1,2,mobile,,
3041790,86108,2009,Soylent Green (1973),Drama,u86108-m2009-s1,pause,2000-04-25T18:15:34.980791+00:00,0.0,0.0,8111,1,2,mobile,,
3041791,86108,2009,Soylent Green (1973),Drama,u86108-m2009-s1,segment_watch,2000-04-25T18:16:30.751214+00:00,162.5,0.0,8111,1,2,mobile,,
3041792,86108,2009,Soylent Green (1973),Drama,u86108-m2009-s1,segment_watch,2000-04-25T18:17:55.079163+00:00,344.8,1.0,8111,1,2,mobile,,
3041793,86108,2009,Soylent Green (1973),Drama,u86108-m2009-s1,pause,2000-04-25T18:18:11.396877+00:00,344.8,1.0,8111,1,2,mobile,,
3041794,86108,2009,Soylent Green (1973),Drama,u86108-m2009-s1,segment_watch,2000-04-25T18:20:12.953008+00:00,513.7,2.0,8111,1,2,mobile,,
3041795,86108,2009,Soylent Green (1973),Drama,u86108-m2009-s1,segment_watch,2000-04-25T18:23:55.533737+00:00,699.1,3.0,8111,1,2,mobile,,
3041796,86108,2009,Soylent Green (1973),Drama,u86108-m2009-s1,seek_forward,2000-04-25T18:24:39.133167+00:00,1359.7,7.0,8111,1,2,mobile,,
3041797,86108,2009,Soylent Green (1973),Drama,u86108-m2009-s1,pause,2000-04-25T18:25:49.433269+00:00,1359.7,7.0,8111,1,2,mobile,,
3041798,86108,2009,Soylent Green (1973),Drama,u86108-m2009-s1,pause,2000-04-25T18:32:29.694358+00:00,1359.7,7.0,8111,1,2,mobile,,
3041799,86108,2009,Soylent Green (1973),Drama,u86108-m2009-s1,segment_watch,2000-04-25T18:35:49.889523+00:00,1554.5,8.0,8111,1,2,mobile,,
3041800,86108,2009,Soylent Green (1973),Drama,u86108-m2009-s1,segment_watch,2000-04-25T18:37:12.437594+00:00,1719.1,9.0,8111,1,2,mobile,,
3041801,86108,2009,Soylent Green (1973),Drama,u86108-m2009-s1,segment_watch,2000-04-25T18:39:11.263319+00:00,1905.2,10.0,8111,1,2,mobile,,
3041802,86108,2009,Soylent Green (1973),Drama,u86108-m2009-s1,segment_watch,2000-04-25T18:42:12.522715+00:00,2069.3,11.0,8111,1,2,mobile,,
3041803,86108,2009,Soylent Green (1973),Drama,u86108-m2009-s1,pause,2000-04-25T18:43:43.190747+00:00,2069.3,11.0,8111,1,2,mobile,,
3041804,86108,2009,Soylent Green (1973),Drama,u86108-m2009-s1,segment_watch,2000-04-25T18:45:25.874183+00:00,2253.8,12.0,8111,1,2,mobile,,
3041805,86108,2009,Soylent Green (1973),Drama,u86108-m2009-s1,segment_watch,2000-04-25T18:47:37.137419+00:00,2417.8,13.0,8111,1,2,mobile,,
3041806,86108,2009,Soylent Green (1973),Drama,u86108-m2009-s1,segment_watch,2000-04-25T18:49:46.078442+00:00,2593.4,14.0,8111,1,2,mobile,,
3041807,86108,2009,Soylent Green (1973),Drama,u86108-m2009-s1,pause,2000-04-25T18:50:19.597142+00:00,2593.4,14.0,8111,1,2,mobile,,
3041808,86108,2009,Soylent Green (1973),Drama,u86108-m2009-s1,segment_watch,2000-04-25T18:52:10.222454+00:00,2790.5,15.0,8111,1,2,mobile,,
3041809,86108,2009,Soylent Green (1973),Drama,u86108-m2009-s1,segment_watch,2000-04-25T18:54:17.038198+00:00,2971.5,16.0,8111,1,2,mobile,,
3041810,86108,2009,Soylent Green (1973),Drama,u86108-m2009-s1,pause,2000-04-25T18:54:53.888962+00:00,2971.5,16.0,8111,1,2,mobile,,
3041811,86108,2009,Soylent Green (1973),Drama,u86108-m2009-s1,seek_forward,2000-04-25T18:55:26.308173+00:00,3207.7,17.0,8111,1,2,mobile,,
3041812,86108,2009,Soylent Green (1973),Drama,u86108-m2009-s1,segment_watch,2000-04-25T18:57:27.253725+00:00,3402.2,18.0,8111,1,2,mobile,,
3041813,86108,2009,Soylent Green (1973),Drama,u86108-m2009-s1,pause,2000-04-25T18:58:06.257064+00:00,3402.2,18.0,8111,1,2,mobile,,
3041814,86108,2009,Soylent Green (1973),Drama,u86108-m2009-s1,segment_watch,2000-04-25T19:00:14.130165+00:00,3578.7,19.0,8111,1,2,mobile,,
3041815,86108,2009,Soylent Green (1973),Drama,u86108-m2009-s1,segment_watch,2000-04-25T19:03:31.031376+00:00,3750.5,20.0,8111,1,2,mobile,,
3041816,86108,2009,Soylent Green (1973),Drama,u86108-m2009-s1,segment_watch,2000-04-25T19:07:01.059887+00:00,3946.3,21.0,8111,1,2,mobile,,
3041817,86108,2009,Soylent Green (1973),Drama,u86108-m2009-s1,segment_watch,2000-04-25T19:11:18.932657+00:00,4142.3,23.0,8111,1,2,mobile,,
3041818,86108,2009,Soylent Green (1973),Drama,u86108-m2009-s1,segment_watch,2000-04-25T19:13:04.668362+00:00,4328.3,24.0,8111,1,2,mobile,,
3041819,86108,2009,Soylent Green (1973),Drama,u86108-m2009-s1,segment_watch,2000-04-25T19:14:14.934092+00:00,4523.3,25.0,8111,1,2,mobile,,
3041820,86108,2009,Soylent Green (1973),Drama,u86108-m2009-s1,pause,2000-04-25T19:16:53.935510+00:00,4523.3,25.0,8111,1,2,mobile,,
3041821,86108,2009,Soylent Green (1973),Drama,u86108-m2009-s1,segment_watch,2000-04-25T19:18:39.874975+00:00,4687.7,26.0,8111,1,2,mobile,,
3041822,86108,2009,Soylent Green (1973),Drama,u86108-m2009-s1,pause,2000-04-25T19:22:58.331845+00:00,4687.7,26.0,8111,1,2,mobile,,
3041823,86108,2009,Soylent Green (1973),Drama,u86108-m2009-s1,pause,2000-04-25T19:23:29.964101+00:00,4687.7,26.0,8111,1,2,mobile,,
3041824,86108,2009,Soylent Green (1973),Drama,u86108-m2009-s1,segment_watch,2000-04-25T19:27:27.543136+00:00,4880.8,27.0,8111,1,2,mobile,,
3041825,86108,2009,Soylent Green (1973),Drama,u86108-m2009-s1,segment_watch,2000-04-25T19:28:50.818624+00:00,5069.8,28.0,8111,1,2,mobile,,
3041826,86108,2009,Soylent Green (1973),Drama,u86108-m2009-s1,seek_backward,2000-04-25T19:29:16.172289+00:00,6277.7,34.0,8111,1,2,mobile,,
3041827,86108,2009,Soylent Green (1973),Drama,u86108-m2009-s1,seek_backward,2000-04-25T19:29:30.477886+00:00,6302.5,35.0,8111,1,2,mobile,,
3041828,86108,2009,Soylent Green (1973),Drama,u86108-m2009-s1,seek_forward,2000-04-25T19:29:40.243285+00:00,6905.9,38.0,8111,1,2,mobile,,
3041829,86108,2009,Soylent Green (1973),Drama,u86108-m2009-s1,pause,2000-04-25T19:30:10.923966+00:00,6905.9,38.0,8111,1,2,mobile,,
3041830,86108,2009,Soylent Green (1973),Drama,u86108-m2009-s1,pause,2000-04-25T19:30:50.730115+00:00,6905.9,38.0,8111,1,2,mobile,,
3041831,86108,2009,Soylent Green (1973),Drama,u86108-m2009-s1,segment_watch,2000-04-25T19:32:35.980245+00:00,7080.4,39.0,8111,1,2,mobile,,
3041832,86108,2009,Soylent Green (1973),Drama,u86108-m2009-s1,pause,2000-04-25T19:33:27.361004+00:00,7080.4,39.0,8111,1,2,mobile,,
3041833,86108,2009,Soylent Green (1973),Drama,u86108-m2009-s1,seek_forward,2000-04-25T19:34:32.521714+00:00,7283.3,40.0,8111,1,2,mobile,,
3041834,86108,2009,Soylent Green (1973),Drama,u86108-m2009-s1,seek_forward,2000-04-25T19:34:50.489041+00:00,7882.0,43.0,8111,1,2,mobile,,
3041835,86108,2009,Soylent Green (1973),Drama,u86108-m2009-s1,session_end,2000-04-25T19:35:01.390518+00:00,7882.0,43.0,8111,1,2,mobile,,
3041892,86108,2009,Soylent Green (1973),Drama,u86108-m2009-s1,rating_given,2000-04-25T20:08:02.806629+00:00,,,8111,1,2,mobile,,3.0
4216201,52950,1097,E.T. the Extra-Terrestrial (1982),Children,u52950-m1097-s1,session_start,2000-06-12T18:36:19.048289+00:00,0.0,,5348,1,5,tablet,,
4216202,52950,1097,E.T. the Extra-Terrestrial (1982),Children,u52950-m1097-s1,segment_watch,2000-06-12T18:38:18.608225+00:00,185.7,1.0,5348,1,5,tablet,,
4216203,52950,1097,E.T. the Extra-Terrestrial (1982),Children,u52950-m1097-s1,pause,2000-06-12T18:39:13.699321+00:00,185.7,1.0,5348,1,5,tablet,,
4216204,52950,1097,E.T. the Extra-Terrestrial (1982),Children,u52950-m1097-s1,segment_watch,2000-06-12T18:42:07.758970+00:00,377.1,2.0,5348,1,5,tablet,,
4216205,52950,1097,E.T. the Extra-Terrestrial (1982),Children,u52950-m1097-s1,segment_watch,2000-06-12T18:44:21.196884+00:00,568.5,3.0,5348,1,5,tablet,,
4216206,52950,1097,E.T. the Extra-Terrestrial (1982),Children,u52950-m1097-s1,segment_watch,2000-06-12T18:46:09.581846+00:00,750.0,4.0,5348,1,5,tablet,,
4216207,52950,1097,E.T. the Extra-Terrestrial (1982),Children,u52950-m1097-s1,segment_watch,2000-06-12T18:48:56.833403+00:00,936.2,5.0,5348,1,5,tablet,,
4216208,52950,1097,E.T. the Extra-Terrestrial (1982),Children,u52950-m1097-s1,segment_watch,2000-06-12T18:50:44.711523+00:00,1120.3,6.0,5348,1,5,tablet,,
4216209,52950,1097,E.T. the Extra-Terrestrial (1982),Children,u52950-m1097-s1,segment_watch,2000-06-12T18:52:12.755459+00:00,1299.0,7.0,5348,1,5,tablet,,
4216210,52950,1097,E.T. the Extra-Terrestrial (1982),Children,u52950-m1097-s1,seek_forward,2000-06-12T18:52:51.745867+00:00,1656.1,9.0,5348,1,5,tablet,,
4216211,52950,1097,E.T. the Extra-Terrestrial (1982),Children,u52950-m1097-s1,segment_watch,2000-06-12T18:56:04.952523+00:00,1834.4,10.0,5348,1,5,tablet,,
4216212,52950,1097,E.T. the Extra-Terrestrial (1982),Children,u52950-m1097-s1,segment_watch,2000-06-12T18:59:56.420811+00:00,2012.6,11.0,5348,1,5,tablet,,
4216213,52950,1097,E.T. the Extra-Terrestrial (1982),Children,u52950-m1097-s1,segment_watch,2000-06-12T19:02:07.261101+00:00,2208.4,12.0,5348,1,5,tablet,,
4216214,52950,1097,E.T. the Extra-Terrestrial (1982),Children,u52950-m1097-s1,segment_watch,2000-06-12T19:04:03.911431+00:00,2380.9,13.0,5348,1,5,tablet,,
4216215,52950,1097,E.T. the Extra-Terrestrial (1982),Children,u52950-m1097-s1,seek_forward,2000-06-12T19:04:14.713468+00:00,2719.5,15.0,5348,1,5,tablet,,
4216216,52950,1097,E.T. the Extra-Terrestrial (1982),Children,u52950-m1097-s1,segment_watch,2000-06-12T19:06:16.852328+00:00,2902.4,16.0,5348,1,5,tablet,,
4216217,52950,1097,E.T. the Extra-Terrestrial (1982),Children,u52950-m1097-s1,seek_backward,2000-06-12T19:06:54.206102+00:00,4277.7,23.0,5348,1,5,tablet,,
4216218,52950,1097,E.T. the Extra-Terrestrial (1982),Children,u52950-m1097-s1,seek_backward,2000-06-12T19:07:32.227488+00:00,4154.7,23.0,5348,1,5,tablet,,
4216219,52950,1097,E.T. the Extra-Terrestrial (1982),Children,u52950-m1097-s1,segment_watch,2000-06-12T19:09:28.191500+00:00,4327.1,24.0,5348,1,5,tablet,,
4216220,52950,1097,E.T. the Extra-Terrestrial (1982),Children,u52950-m1097-s1,pause,2000-06-12T19:10:25.355728+00:00,4327.1,24.0,5348,1,5,tablet,,
4216221,52950,1097,E.T. the Extra-Terrestrial (1982),Children,u52950-m1097-s1,pause,2000-06-12T19:10:58.972781+00:00,4327.1,24.0,5348,1,5,tablet,,
4216222,52950,1097,E.T. the Extra-Terrestrial (1982),Children,u52950-m1097-s1,seek_forward,2000-06-12T19:12:57.687776+00:00,5089.8,28.0,5348,1,5,tablet,,
4216223,52950,1097,E.T. the Extra-Terrestrial (1982),Children,u52950-m1097-s1,segment_watch,2000-06-12T19:15:32.981405+00:00,5262.7,29.0,5348,1,5,tablet,,
4216224,52950,1097,E.T. the Extra-Terrestrial (1982),Children,u52950-m1097-s1,segment_watch,2000-06-12T19:17:02.964384+00:00,5430.8,30.0,5348,1,5,tablet,,
4216225,52950,1097,E.T. the Extra-Terrestrial (1982),Children,u52950-m1097-s1,session_end,2000-06-12T19:18:00.431903+00:00,5348.0,29.0,5348,1,5,tablet,,
4216348,52950,1097,E.T. the Extra-Terrestrial (1982),Children,u52950-m1097-s1,rating_given,2000-06-12T21:22:28.503645+00:00,,,5348,1,5,smart_tv,,5.0
2253633,55445,998,Set It Off (1996),Action,u55445-m998-s2,session_start,2000-07-28T04:23:33.147663+00:00,0.0,,6133,2,2,tablet,,
2253634,55445,998,Set It Off (1996),Action,u55445-m998-s2,pause,2000-07-28T04:26:27.961426+00:00,0.0,0.0,6133,2,2,tablet,,
2253635,55445,998,Set It Off (1996),Action,u55445-m998-s2,segment_watch,2000-07-28T04:29:24.462799+00:00,164.2,0.0,6133,2,2,tablet,,
2253636,55445,998,Set It Off (1996),Action,u55445-m998-s2,segment_watch,2000-07-28T04:32:24.149704+00:00,343.1,1.0,6133,2,2,tablet,,
2253637,55445,998,Set It Off (1996),Action,u55445-m998-s2,pause,2000-07-28T04:32:51.430092+00:00,343.1,1.0,6133,2,2,tablet,,
2253638,55445,998,Set It Off (1996),Action,u55445-m998-s2,pause,2000-07-28T04:32:59.146484+00:00,343.1,1.0,6133,2,2,tablet,,
2253639,55445,998,Set It Off (1996),Action,u55445-m998-s2,segment_watch,2000-07-28T04:34:30.633709+00:00,517.8,2.0,6133,2,2,tablet,,
2253640,55445,998,Set It Off (1996),Action,u55445-m998-s2,segment_watch,2000-07-28T04:36:16.223291+00:00,682.3,3.0,6133,2,2,tablet,,
2253641,55445,998,Set It Off (1996),Action,u55445-m998-s2,pause,2000-07-28T04:36:41.551168+00:00,682.3,3.0,6133,2,2,tablet,,
2253642,55445,998,Set It Off (1996),Action,u55445-m998-s2,pause,2000-07-28T04:37:10.297531+00:00,682.3,3.0,6133,2,2,tablet,,
2253643,55445,998,Set It Off (1996),Action,u55445-m998-s2,segment_watch,2000-07-28T04:40:47.465157+00:00,859.1,4.0,6133,2,2,tablet,,
2253644,55445,998,Set It Off (1996),Action,u55445-m998-s2,segment_watch,2000-07-28T04:42:46.776215+00:00,1030.6,5.0,6133,2,2,tablet,,
2253645,55445,998,Set It Off (1996),Action,u55445-m998-s2,segment_watch,2000-07-28T04:44:39.265575+00:00,1195.7,6.0,6133,2,2,tablet,,
2253646,55445,998,Set It Off (1996),Action,u55445-m998-s2,seek_forward,2000-07-28T04:45:41.388845+00:00,1596.3,8.0,6133,2,2,tablet,,
2253647,55445,998,Set It Off (1996),Action,u55445-m998-s2,segment_watch,2000-07-28T04:49:36.085319+00:00,1759.5,9.0,6133,2,2,tablet,,
2253648,55445,998,Set It Off (1996),Action,u55445-m998-s2,pause,2000-07-28T04:50:35.280670+00:00,1759.5,9.0,6133,2,2,tablet,,
2253649,55445,998,Set It Off (1996),Action,u55445-m998-s2,segment_watch,2000-07-28T04:54:14.644127+00:00,1940.9,10.0,6133,2,2,tablet,,
2253650,55445,998,Set It Off (1996),Action,u55445-m998-s2,pause,2000-07-28T05:03:47.761064+00:00,1940.9,10.0,6133,2,2,tablet,,
2253651,55445,998,Set It Off (1996),Action,u55445-m998-s2,segment_watch,2000-07-28T05:05:06.843406+00:00,2106.8,11.0,6133,2,2,tablet,,
2253652,55445,998,Set It Off (1996),Action,u55445-m998-s2,segment_watch,2000-07-28T05:06:54.521328+00:00,2286.1,12.0,6133,2,2,tablet,,
2253653,55445,998,Set It Off (1996),Action,u55445-m998-s2,seek_forward,2000-07-28T05:08:36.947993+00:00,2659.1,14.0,6133,2,2,tablet,,
2253654,55445,998,Set It Off (1996),Action,u55445-m998-s2,segment_watch,2000-07-28T05:10:48.395726+00:00,2851.6,15.0,6133,2,2,tablet,,
2253655,55445,998,Set It Off (1996),Action,u55445-m998-s2,segment_watch,2000-07-28T05:13:47.120937+00:00,3043.4,16.0,6133,2,2,tablet,,
2253656,55445,998,Set It Off (1996),Action,u55445-m998-s2,pause,2000-07-28T05:16:13.786486+00:00,3043.4,16.0,6133,2,2,tablet,,
2253657,55445,998,Set It Off (1996),Action,u55445-m998-s2,segment_watch,2000-07-28T05:18:11.063535+00:00,3215.2,17.0,6133,2,2,tablet,,
2253658,55445,998,Set It Off (1996),Action,u55445-m998-s2,pause,2000-07-28T05:19:16.372732+00:00,3215.2,17.0,6133,2,2,tablet,,
2253659,55445,998,Set It Off (1996),Action,u55445-m998-s2,segment_watch,2000-07-28T05:21:50.017218+00:00,3391.0,18.0,6133,2,2,tablet,,
2253660,55445,998,Set It Off (1996),Action,u55445-m998-s2,seek_backward,2000-07-28T05:22:18.148347+00:00,4576.3,25.0,6133,2,2,tablet,,
2253661,55445,998,Set It Off (1996),Action,u55445-m998-s2,segment_watch,2000-07-28T05:25:17.354019+00:00,4758.4,26.0,6133,2,2,tablet,,
2253662,55445,998,Set It Off (1996),Action,u55445-m998-s2,segment_watch,2000-07-28T05:27:01.964899+00:00,4953.3,27.0,6133,2,2,tablet,,
2253663,55445,998,Set It Off (1996),Action,u55445-m998-s2,segment_watch,2000-07-28T05:29:35.489401+00:00,5136.6,28.0,6133,2,2,tablet,,
2253664,55445,998,Set It Off (1996),Action,u55445-m998-s2,segment_watch,2000-07-28T05:31:55.871213+00:00,5304.1,29.0,6133,2,2,tablet,,
2253665,55445,998,Set It Off (1996),Action,u55445-m998-s2,segment_watch,2000-07-28T05:33:38.525333+00:00,5501.5,30.0,6133,2,2,tablet,,
2253666,55445,998,Set It Off (1996),Action,u55445-m998-s2,pause,2000-07-28T05:34:31.446961+00:00,5501.5,30.0,6133,2,2,tablet,,
2253667,55445,998,Set It Off (1996),Action,u55445-m998-s2,segment_watch,2000-07-28T05:37:18.787240+00:00,5664.6,31.0,6133,2,2,tablet,,
2253668,55445,998,Set It Off (1996),Action,u55445-m998-s2,segment_watch,2000-07-28T05:38:48.061324+00:00,5859.5,32.0,6133,2,2,tablet,,
2253669,55445,998,Set It Off (1996),Action,u55445-m998-s2,segment_watch,2000-07-28T05:42:32.580588+00:00,6022.8,33.0,6133,2,2,tablet,,
2253670,55445,998,Set It Off (1996),Action,u55445-m998-s2,session_end,2000-07-28T05:43:01.540271+00:00,6022.8,33.0,6133,2,2,tablet,,
3283079,54278,3361,Bull Durham (1988),Comedy,u54278-m3361-s2,session_start,2002-04-10T15:37:25.487271+00:00,0.0,,9692,2,2,tablet,,
3283080,54278,3361,Bull Durham (1988),Comedy,u54278-m3361-s2,segment_watch,2002-04-10T15:40:15.656289+00:00,171.3,0.0,9692,2,2,tablet,,
3283081,54278,3361,Bull Durham (1988),Comedy,u54278-m3361-s2,seek_forward,2002-04-10T15:41:00.276814+00:00,699.9,3.0,9692,2,2,tablet,,
3283082,54278,3361,Bull Durham (1988),Comedy,u54278-m3361-s2,segment_watch,2002-04-10T15:42:43.655925+00:00,883.8,4.0,9692,2,2,tablet,,
3283083,54278,3361,Bull Durham (1988),Comedy,u54278-m3361-s2,seek_forward,2002-04-10T15:43:27.680096+00:00,1371.8,7.0,9692,2,2,tablet,,
3283084,54278,3361,Bull Durham (1988),Comedy,u54278-m3361-s2,pause,2002-04-10T15:44:04.134802+00:00,1371.8,7.0,9692,2,2,tablet,,
3283085,54278,3361,Bull Durham (1988),Comedy,u54278-m3361-s2,seek_forward,2002-04-10T15:45:30.249022+00:00,1838.2,10.0,9692,2,2,tablet,,
3283086,54278,3361,Bull Durham (1988),Comedy,u54278-m3361-s2,segment_watch,2002-04-10T15:46:41.405727+00:00,2002.5,11.0,9692,2,2,tablet,,
3283087,54278,3361,Bull Durham (1988),Comedy,u54278-m3361-s2,pause,2002-04-10T15:48:24.260986+00:00,2002.5,11.0,9692,2,2,tablet,,
3283088,54278,3361,Bull Durham (1988),Comedy,u54278-m3361-s2,segment_watch,2002-04-10T15:50:25.192426+00:00,2192.8,12.0,9692,2,2,tablet,,
3283089,54278,3361,Bull Durham (1988),Comedy,u54278-m3361-s2,segment_watch,2002-04-10T15:52:20.363885+00:00,2379.7,13.0,9692,2,2,tablet,,
3283090,54278,3361,Bull Durham (1988),Comedy,u54278-m3361-s2,segment_watch,2002-04-10T15:55:41.592819+00:00,2573.2,14.0,9692,2,2,tablet,,
3283091,54278,3361,Bull Durham (1988),Comedy,u54278-m3361-s2,segment_watch,2002-04-10T15:57:35.784901+00:00,2746.0,15.0,9692,2,2,tablet,,
3283092,54278,3361,Bull Durham (1988),Comedy,u54278-m3361-s2,segment_watch,2002-04-10T16:01:54.164279+00:00,2908.5,16.0,9692,2,2,tablet,,
3283093,54278,3361,Bull Durham (1988),Comedy,u54278-m3361-s2,segment_watch,2002-04-10T16:04:41.473942+00:00,3098.6,17.0,9692,2,2,tablet,,
3283094,54278,3361,Bull Durham (1988),Comedy,u54278-m3361-s2,segment_watch,2002-04-10T16:06:48.764928+00:00,3266.2,18.0,9692,2,2,tablet,,
3283095,54278,3361,Bull Durham (1988),Comedy,u54278-m3361-s2,segment_watch,2002-04-10T16:09:40.977653+00:00,3459.2,19.0,9692,2,2,tablet,,
3283096,54278,3361,Bull Durham (1988),Comedy,u54278-m3361-s2,segment_watch,2002-04-10T16:11:29.185921+00:00,3627.4,20.0,9692,2,2,tablet,,
3283097,54278,3361,Bull Durham (1988),Comedy,u54278-m3361-s2,seek_forward,2002-04-10T16:11:34.722274+00:00,4332.9,24.0,9692,2,2,tablet,,
3283098,54278,3361,Bull Durham (1988),Comedy,u54278-m3361-s2,segment_watch,2002-04-10T16:13:39.758474+00:00,4501.3,25.0,9692,2,2,tablet,,
3283099,54278,3361,Bull Durham (1988),Comedy,u54278-m3361-s2,segment_watch,2002-04-10T16:18:08.947972+00:00,4838.5,26.0,9692,2,2,tablet,,
3283100,54278,3361,Bull Durham (1988),Comedy,u54278-m3361-s2,segment_watch,2002-04-10T16:20:49.006402+00:00,5019.1,27.0,9692,2,2,tablet,,
3283101,54278,3361,Bull Durham (1988),Comedy,u54278-m3361-s2,segment_watch,2002-04-10T16:22:53.701158+00:00,5203.2,28.0,9692,2,2,tablet,,
3283102,54278,3361,Bull Durham (1988),Comedy,u54278-m3361-s2,pause,2002-04-10T16:26:27.983412+00:00,5203.2,28.0,9692,2,2,tablet,,
3283103,54278,3361,Bull Durham (1988),Comedy,u54278-m3361-s2,seek_forward,2002-04-10T16:27:12.996086+00:00,5870.9,32.0,9692,2,2,tablet,,
3283104,54278,3361,Bull Durham (1988),Comedy,u54278-m3361-s2,seek_backward,2002-04-10T16:27:42.937735+00:00,6479.5,35.0,9692,2,2,tablet,,
3283105,54278,3361,Bull Durham (1988),Comedy,u54278-m3361-s2,segment_watch,2002-04-10T16:29:31.834000+00:00,6657.3,36.0,9692,2,2,tablet,,
3283106,54278,3361,Bull Durham (1988),Comedy,u54278-m3361-s2,segment_watch,2002-04-10T16:31:06.788691+00:00,6826.7,37.0,9692,2,2,tablet,,
3283107,54278,3361,Bull Durham (1988),Comedy,u54278-m3361-s2,seek_forward,2002-04-10T16:31:13.841104+00:00,7304.6,40.0,9692,2,2,tablet,,
3283108,54278,3361,Bull Durham (1988),Comedy,u54278-m3361-s2,segment_watch,2002-04-10T16:32:53.168259+00:00,7469.7,41.0,9692,2,2,tablet,,
3283109,54278,3361,Bull Durham (1988),Comedy,u54278-m3361-s2,pause,2002-04-10T16:34:05.318624+00:00,7469.7,41.0,9692,2,2,tablet,,
3283110,54278,3361,Bull Durham (1988),Comedy,u54278-m3361-s2,pause,2002-04-10T16:34:17.869046+00:00,7469.7,41.0,9692,2,2,tablet,,
3283111,54278,3361,Bull Durham (1988),Comedy,u54278-m3361-s2,seek_backward,2002-04-10T16:34:52.955538+00:00,6601.7,36.0,9692,2,2,tablet,,
3283112,54278,3361,Bull Durham (1988),Comedy,u54278-m3361-s2,seek_backward,2002-04-10T16:35:31.993724+00:00,6569.2,36.0,9692,2,2,tablet,,
3283113,54278,3361,Bull Durham (1988),Comedy,u54278-m3361-s2,segment_watch,2002-04-10T16:36:47.402229+00:00,6756.8,37.0,9692,2,2,tablet,,
3283114,54278,3361,Bull Durham (1988),Comedy,u54278-m3361-s2,segment_watch,2002-04-10T16:38:39.538798+00:00,6938.4,38.0,9692,2,2,tablet,,
3283115,54278,3361,Bull Durham (1988),Comedy,u54278-m3361-s2,segment_watch,2002-04-10T16:41:42.493447+00:00,7133.4,39.0,9692,2,2,tablet,,
3283116,54278,3361,Bull Durham (1988),Comedy,u54278-m3361-s2,pause,2002-04-10T16:43:00.766965+00:00,7133.4,39.0,9692,2,2,tablet,,
3283117,54278,3361,Bull Durham (1988),Comedy,u54278-m3361-s2,segment_watch,2002-04-10T16:43:45.461049+00:00,7324.2,40.0,9692,2,2,tablet,,
3283118,54278,3361,Bull Durham (1988),Comedy,u54278-m3361-s2,seek_backward,2002-04-10T16:44:07.963204+00:00,6410.3,35.0,9692,2,2,tablet,,
3283119,54278,3361,Bull Durham (1988),Comedy,u54278-m3361-s2,seek_forward,2002-04-10T16:44:43.670507+00:00,6765.2,37.0,9692,2,2,tablet,,
3283120,54278,3361,Bull Durham (1988),Comedy,u54278-m3361-s2,seek_forward,2002-04-10T16:44:46.478449+00:00,6960.8,38.0,9692,2,2,tablet,,
3283121,54278,3361,Bull Durham (1988),Comedy,u54278-m3361-s2,seek_forward,2002-04-10T16:45:02.250035+00:00,7560.0,41.0,9692,2,2,tablet,,
3283122,54278,3361,Bull Durham (1988),Comedy,u54278-m3361-s2,pause,2002-04-10T16:45:39.864808+00:00,7560.0,41.0,9692,2,2,tablet,,
3283123,54278,3361,Bull Durham (1988),Comedy,u54278-m3361-s2,segment_watch,2002-04-10T16:47:05.226639+00:00,7728.7,42.0,9692,2,2,tablet,,
3283124,54278,3361,Bull Durham (1988),Comedy,u54278-m3361-s2,segment_watch,2002-04-10T16:48:55.659141+00:00,7893.7,43.0,9692,2,2,tablet,,
3283125,54278,3361,Bull Durham (1988),Comedy,u54278-m3361-s2,seek_backward,2002-04-10T16:49:03.713893+00:00,6520.6,36.0,9692,2,2,tablet,,
3283126,54278,3361,Bull Durham (1988),Comedy,u54278-m3361-s2,segment_watch,2002-04-10T16:51:23.389104+00:00,6683.9,37.0,9692,2,2,tablet,,
3283127,54278,3361,Bull Durham (1988),Comedy,u54278-m3361-s2,segment_watch,2002-04-10T16:52:58.598542+00:00,6868.8,38.0,9692,2,2,tablet,,
3283128,54278,3361,Bull Durham (1988),Comedy,u54278-m3361-s2,segment_watch,2002-04-10T16:54:44.024098+00:00,7056.2,39.0,9692,2,2,tablet,,
3283129,54278,3361,Bull Durham (1988),Comedy,u54278-m3361-s2,pause,2002-04-10T16:54:56.870857+00:00,7056.2,39.0,9692,2,2,tablet,,
3283130,54278,3361,Bull Durham (1988),Comedy,u54278-m3361-s2,segment_watch,2002-04-10T16:56:20.838624+00:00,7237.6,40.0,9692,2,2,tablet,,
3283131,54278,3361,Bull Durham (1988),Comedy,u54278-m3361-s2,segment_watch,2002-04-10T16:58:49.425206+00:00,7423.8,41.0,9692,2,2,tablet,,
3283132,54278,3361,Bull Durham (1988),Comedy,u54278-m3361-s2,pause,2002-04-10T17:06:05.184226+00:00,7423.8,41.0,9692,2,2,tablet,,
3283133,54278,3361,Bull Durham (1988),Comedy,u54278-m3361-s2,segment_watch,2002-04-10T17:08:21.661466+00:00,7586.0,42.0,9692,2,2,tablet,,
3283134,54278,3361,Bull Durham (1988),Comedy,u54278-m3361-s2,segment_watch,2002-04-10T17:09:42.643479+00:00,7782.2,43.0,9692,2,2,tablet,,
3283135,54278,3361,Bull Durham (1988),Comedy,u54278-m3361-s2,segment_watch,2002-04-10T17:12:00.734064+00:00,7957.4,44.0,9692,2,2,tablet,,
3283136,54278,3361,Bull Durham (1988),Comedy,u54278-m3361-s2,seek_forward,2002-04-10T17:12:19.002441+00:00,8555.4,47.0,9692,2,2,tablet,,
3283137,54278,3361,Bull Durham (1988),Comedy,u54278-m3361-s2,pause,2002-04-10T17:12:45.808409+00:00,8555.4,47.0,9692,2,2,tablet,,
3283138,54278,3361,Bull Durham (1988),Comedy,u54278-m3361-s2,pause,2002-04-10T17:14:30.941401+00:00,8555.4,47.0,9692,2,2,tablet,,
3283139,54278,3361,Bull Durham (1988),Comedy,u54278-m3361-s2,segment_watch,2002-04-10T17:18:30.162839+00:00,8743.7,48.0,9692,2,2,tablet,,
3283140,54278,3361,Bull Durham (1988),Comedy,u54278-m3361-s2,seek_forward,2002-04-10T17:18:38.866353+00:00,9340.5,51.0,9692,2,2,tablet,,
3283141,54278,3361,Bull Durham (1988),Comedy,u54278-m3361-s2,pause,2002-04-10T17:27:04.831009+00:00,9340.5,51.0,9692,2,2,tablet,,
3283142,54278,3361,Bull Durham (1988),Comedy,u54278-m3361-s2,pause,2002-04-10T17:28:24.661587+00:00,9340.5,51.0,9692,2,2,tablet,,
3283143,54278,3361,Bull Durham (1988),Comedy,u54278-m3361-s2,segment_watch,2002-04-10T17:30:31.665990+00:00,9524.9,52.0,9692,2,2,tablet,,
3283144,54278,3361,Bull Durham (1988),Comedy,u54278-m3361-s2,segment_watch,2002-04-10T17:32:38.280473+00:00,9707.2,53.0,9692,2,2,tablet,,
3283145,54278,3361,Bull Durham (1988),Comedy,u54278-m3361-s2,session_end,2002-04-10T17:33:41.388579+00:00,9692.0,53.0,9692,2,2,tablet,,
3063974,124048,3037,Little Big Man (1970),Western,u124048-m3037-s1,session_start,2003-02-16T13:23:56.741545+00:00,0.0,,6856,1,1,tablet,,
3063975,124048,3037,Little Big Man (1970),Western,u124048-m3037-s1,pause,2003-02-16T13:24:59.822658+00:00,0.0,0.0,6856,1,1,tablet,,
3063976,124048,3037,Little Big Man (1970),Western,u124048-m3037-s1,pause,2003-02-16T13:26:03.913607+00:00,0.0,0.0,6856,1,1,tablet,,
3063977,124048,3037,Little Big Man (1970),Western,u124048-m3037-s1,seek_forward,2003-02-16T13:26:29.356688+00:00,641.1,3.0,6856,1,1,tablet,,
3063978,124048,3037,Little Big Man (1970),Western,u124048-m3037-s1,segment_watch,2003-02-16T13:28:27.052245+00:00,821.6,4.0,6856,1,1,tablet,,
3063979,124048,3037,Little Big Man (1970),Western,u124048-m3037-s1,segment_watch,2003-02-16T13:31:10.148486+00:00,992.9,5.0,6856,1,1,tablet,,
3063980,124048,3037,Little Big Man (1970),Western,u124048-m3037-s1,segment_watch,2003-02-16T13:35:56.470847+00:00,1178.1,6.0,6856,1,1,tablet,,
3063981,124048,3037,Little Big Man (1970),Western,u124048-m3037-s1,segment_watch,2003-02-16T13:38:50.708397+00:00,1360.5,7.0,6856,1,1,tablet,,
3063982,124048,3037,Little Big Man (1970),Western,u124048-m3037-s1,segment_watch,2003-02-16T13:40:21.518838+00:00,1531.6,8.0,6856,1,1,tablet,,
3063983,124048,3037,Little Big Man (1970),Western,u124048-m3037-s1,segment_watch,2003-02-16T13:42:36.016115+00:00,1698.9,9.0,6856,1,1,tablet,,
3063984,124048,3037,Little Big Man (1970),Western,u124048-m3037-s1,pause,2003-02-16T13:44:35.846284+00:00,1698.9,9.0,6856,1,1,tablet,,
3063985,124048,3037,Little Big Man (1970),Western,u124048-m3037-s1,segment_watch,2003-02-16T13:47:02.446459+00:00,1885.8,10.0,6856,1,1,tablet,,
3063986,124048,3037,Little Big Man (1970),Western,u124048-m3037-s1,segment_watch,2003-02-16T13:49:04.569372+00:00,2080.8,11.0,6856,1,1,tablet,,
3063987,124048,3037,Little Big Man (1970),Western,u124048-m3037-s1,segment_watch,2003-02-16T13:51:28.090070+00:00,2261.1,12.0,6856,1,1,tablet,,
3063988,124048,3037,Little Big Man (1970),Western,u124048-m3037-s1,segment_watch,2003-02-16T13:53:41.361820+00:00,2455.1,13.0,6856,1,1,tablet,,
3063989,124048,3037,Little Big Man (1970),Western,u124048-m3037-s1,segment_watch,2003-02-16T13:54:50.444071+00:00,2627.1,14.0,6856,1,1,tablet,,
3063990,124048,3037,Little Big Man (1970),Western,u124048-m3037-s1,segment_watch,2003-02-16T13:58:06.999187+00:00,2801.8,15.0,6856,1,1,tablet,,
3063991,124048,3037,Little Big Man (1970),Western,u124048-m3037-s1,pause,2003-02-16T13:58:34.125126+00:00,2801.8,15.0,6856,1,1,tablet,,
3063992,124048,3037,Little Big Man (1970),Western,u124048-m3037-s1,segment_watch,2003-02-16T14:00:47.170869+00:00,2994.0,16.0,6856,1,1,tablet,,
3063993,124048,3037,Little Big Man (1970),Western,u124048-m3037-s1,segment_watch,2003-02-16T14:03:14.237719+00:00,3177.1,17.0,6856,1,1,tablet,,
3063994,124048,3037,Little Big Man (1970),Western,u124048-m3037-s1,segment_watch,2003-02-16T14:04:54.190369+00:00,3369.1,18.0,6856,1,1,tablet,,
3063995,124048,3037,Little Big Man (1970),Western,u124048-m3037-s1,pause,2003-02-16T14:06:24.003189+00:00,3369.1,18.0,6856,1,1,tablet,,
3063996,124048,3037,Little Big Man (1970),Western,u124048-m3037-s1,pause,2003-02-16T14:10:18.401948+00:00,3369.1,18.0,6856,1,1,tablet,,
3063997,124048,3037,Little Big Man (1970),Western,u124048-m3037-s1,segment_watch,2003-02-16T14:13:23.813646+00:00,3564.3,19.0,6856,1,1,tablet,,
3063998,124048,3037,Little Big Man (1970),Western,u124048-m3037-s1,segment_watch,2003-02-16T14:14:30.590390+00:00,3745.6,20.0,6856,1,1,tablet,,
3063999,124048,3037,Little Big Man (1970),Western,u124048-m3037-s1,pause,2003-02-16T14:16:05.371835+00:00,3745.6,20.0,6856,1,1,tablet,,
3064000,124048,3037,Little Big Man (1970),Western,u124048-m3037-s1,segment_watch,2003-02-16T14:17:38.180034+00:00,3941.6,21.0,6856,1,1,tablet,,
3064001,124048,3037,Little Big Man (1970),Western,u124048-m3037-s1,segment_watch,2003-02-16T14:20:07.156233+00:00,4111.5,22.0,6856,1,1,tablet,,
3064002,124048,3037,Little Big Man (1970),Western,u124048-m3037-s1,segment_watch,2003-02-16T14:22:02.441545+00:00,4301.8,23.0,6856,1,1,tablet,,
3064003,124048,3037,Little Big Man (1970),Western,u124048-m3037-s1,segment_watch,2003-02-16T14:27:45.873217+00:00,4491.3,24.0,6856,1,1,tablet,,
3064004,124048,3037,Little Big Man (1970),Western,u124048-m3037-s1,segment_watch,2003-02-16T14:30:03.979991+00:00,4667.1,25.0,6856,1,1,tablet,,
3064005,124048,3037,Little Big Man (1970),Western,u124048-m3037-s1,pause,2003-02-16T14:37:32.183769+00:00,4667.1,25.0,6856,1,1,tablet,,
3064006,124048,3037,Little Big Man (1970),Western,u124048-m3037-s1,pause,2003-02-16T14:42:30.118552+00:00,4667.1,25.0,6856,1,1,tablet,,
3064007,124048,3037,Little Big Man (1970),Western,u124048-m3037-s1,seek_forward,2003-02-16T14:43:02.229177+00:00,5360.5,29.0,6856,1,1,tablet,,
3064008,124048,3037,Little Big Man (1970),Western,u124048-m3037-s1,segment_watch,2003-02-16T14:45:08.750124+00:00,5543.5,30.0,6856,1,1,tablet,,
3064009,124048,3037,Little Big Man (1970),Western,u124048-m3037-s1,segment_watch,2003-02-16T14:47:58.462264+00:00,5708.6,31.0,6856,1,1,tablet,,
3064010,124048,3037,Little Big Man (1970),Western,u124048-m3037-s1,segment_watch,2003-02-16T14:51:31.351514+00:00,5887.3,32.0,6856,1,1,tablet,,
3064011,124048,3037,Little Big Man (1970),Western,u124048-m3037-s1,seek_backward,2003-02-16T14:52:07.399377+00:00,4769.1,26.0,6856,1,1,tablet,,
3064012,124048,3037,Little Big Man (1970),Western,u124048-m3037-s1,seek_forward,2003-02-16T14:53:02.385356+00:00,5245.7,29.0,6856,1,1,tablet,,
3064013,124048,3037,Little Big Man (1970),Western,u124048-m3037-s1,pause,2003-02-16T14:58:21.358097+00:00,5245.7,29.0,6856,1,1,tablet,,
3064014,124048,3037,Little Big Man (1970),Western,u124048-m3037-s1,seek_forward,2003-02-16T14:58:26.960926+00:00,5656.7,31.0,6856,1,1,tablet,,
3064015,124048,3037,Little Big Man (1970),Western,u124048-m3037-s1,seek_backward,2003-02-16T15:01:31.848426+00:00,4853.7,26.0,6856,1,1,tablet,,
3064016,124048,3037,Little Big Man (1970),Western,u124048-m3037-s1,segment_watch,2003-02-16T15:04:10.440059+00:00,5023.8,27.0,6856,1,1,tablet,,
3064017,124048,3037,Little Big Man (1970),Western,u124048-m3037-s1,segment_watch,2003-02-16T15:05:13.196505+00:00,5216.0,28.0,6856,1,1,tablet,,
3064018,124048,3037,Little Big Man (1970),Western,u124048-m3037-s1,segment_watch,2003-02-16T15:07:21.543577+00:00,5410.7,30.0,6856,1,1,tablet,,
3064019,124048,3037,Little Big Man (1970),Western,u124048-m3037-s1,segment_watch,2003-02-16T15:10:42.667568+00:00,5593.2,31.0,6856,1,1,tablet,,
3064020,124048,3037,Little Big Man (1970),Western,u124048-m3037-s1,seek_backward,2003-02-16T15:11:01.705849+00:00,4801.8,26.0,6856,1,1,tablet,,
3064021,124048,3037,Little Big Man (1970),Western,u124048-m3037-s1,segment_watch,2003-02-16T15:12:13.540998+00:00,4971.5,27.0,6856,1,1,tablet,,
3064022,124048,3037,Little Big Man (1970),Western,u124048-m3037-s1,segment_watch,2003-02-16T15:14:15.248864+00:00,5165.2,28.0,6856,1,1,tablet,,
3064023,124048,3037,Little Big Man (1970),Western,u124048-m3037-s1,segment_watch,2003-02-16T15:16:04.458840+00:00,5348.3,29.0,6856,1,1,tablet,,
3064024,124048,3037,Little Big Man (1970),Western,u124048-m3037-s1,segment_watch,2003-02-16T15:19:12.008019+00:00,5545.5,30.0,6856,1,1,tablet,,
3064025,124048,3037,Little Big Man (1970),Western,u124048-m3037-s1,segment_watch,2003-02-16T15:21:28.075627+00:00,5727.0,31.0,6856,1,1,tablet,,
3064026,124048,3037,Little Big Man (1970),Western,u124048-m3037-s1,seek_forward,2003-02-16T15:21:38.364901+00:00,5996.0,33.0,6856,1,1,tablet,,
3064027,124048,3037,Little Big Man (1970),Western,u124048-m3037-s1,segment_watch,2003-02-16T15:23:49.545595+00:00,6190.2,34.0,6856,1,1,tablet,,
3064028,124048,3037,Little Big Man (1970),Western,u124048-m3037-s1,segment_watch,2003-02-16T15:26:08.014748+00:00,6366.8,35.0,6856,1,1,tablet,,
3064029,124048,3037,Little Big Man (1970),Western,u124048-m3037-s1,segment_watch,2003-02-16T15:28:07.746807+00:00,6541.8,36.0,6856,1,1,tablet,,
3064030,124048,3037,Little Big Man (1970),Western,u124048-m3037-s1,session_end,2003-02-16T15:28:56.201905+00:00,6541.8,36.0,6856,1,1,tablet,,
3064031,124048,3037,Little Big Man (1970),Western,u124048-m3037-s1,rating_given,2003-02-16T17:37:25.536796+00:00,,,6856,1,1,mobile,,5.0
1437589,122011,102,Mr. Wrong (1996),Comedy,u122011-m102-s2,session_start,2003-03-09T18:13:52.730789+00:00,0.0,,7163,2,2,mobile,,
1437590,122011,102,Mr. Wrong (1996),Comedy,u122011-m102-s2,segment_watch,2003-03-09T18:15:21.275379+00:00,183.1,1.0,7163,2,2,mobile,,
1437591,122011,102,Mr. Wrong (1996),Comedy,u122011-m102-s2,segment_watch,2003-03-09T18:17:43.743515+00:00,366.4,2.0,7163,2,2,mobile,,
1437592,122011,102,Mr. Wrong (1996),Comedy,u122011-m102-s2,segment_watch,2003-03-09T18:20:31.537763+00:00,559.6,3.0,7163,2,2,mobile,,
1437593,122011,102,Mr. Wrong (1996),Comedy,u122011-m102-s2,pause,2003-03-09T18:21:32.600634+00:00,559.6,3.0,7163,2,2,mobile,,
1437594,122011,102,Mr. Wrong (1996),Comedy,u122011-m102-s2,segment_watch,2003-03-09T18:24:29.701965+00:00,738.2,4.0,7163,2,2,mobile,,
1437595,122011,102,Mr. Wrong (1996),Comedy,u122011-m102-s2,segment_watch,2003-03-09T18:28:42.345936+00:00,934.8,5.0,7163,2,2,mobile,,
1437596,122011,102,Mr. Wrong (1996),Comedy,u122011-m102-s2,pause,2003-03-09T18:29:59.748385+00:00,934.8,5.0,7163,2,2,mobile,,
1437597,122011,102,Mr. Wrong (1996),Comedy,u122011-m102-s2,seek_forward,2003-03-09T18:30:13.309929+00:00,1459.6,8.0,7163,2,2,mobile,,
1437598,122011,102,Mr. Wrong (1996),Comedy,u122011-m102-s2,pause,2003-03-09T18:30:46.364127+00:00,1459.6,8.0,7163,2,2,mobile,,
1437599,122011,102,Mr. Wrong (1996),Comedy,u122011-m102-s2,segment_watch,2003-03-09T18:32:56.594240+00:00,1639.5,9.0,7163,2,2,mobile,,
1437600,122011,102,Mr. Wrong (1996),Comedy,u122011-m102-s2,segment_watch,2003-03-09T18:36:04.754719+00:00,1812.4,10.0,7163,2,2,mobile,,
1437601,122011,102,Mr. Wrong (1996),Comedy,u122011-m102-s2,segment_watch,2003-03-09T18:39:08.095386+00:00,1994.9,11.0,7163,2,2,mobile,,
1437602,122011,102,Mr. Wrong (1996),Comedy,u122011-m102-s2,segment_watch,2003-03-09T18:42:14.668851+00:00,2190.3,12.0,7163,2,2,mobile,,
1437603,122011,102,Mr. Wrong (1996),Comedy,u122011-m102-s2,segment_watch,2003-03-09T18:44:09.216994+00:00,2374.8,13.0,7163,2,2,mobile,,
1437604,122011,102,Mr. Wrong (1996),Comedy,u122011-m102-s2,segment_watch,2003-03-09T18:47:51.116341+00:00,2549.8,14.0,7163,2,2,mobile,,
1437605,122011,102,Mr. Wrong (1996),Comedy,u122011-m102-s2,segment_watch,2003-03-09T18:49:34.388760+00:00,2747.7,15.0,7163,2,2,mobile,,
1437606,122011,102,Mr. Wrong (1996),Comedy,u122011-m102-s2,segment_watch,2003-03-09T18:51:24.523295+00:00,2911.6,16.0,7163,2,2,mobile,,
1437607,122011,102,Mr. Wrong (1996),Comedy,u122011-m102-s2,segment_watch,2003-03-09T18:54:00.185852+00:00,3087.3,17.0,7163,2,2,mobile,,
1437608,122011,102,Mr. Wrong (1996),Comedy,u122011-m102-s2,segment_watch,2003-03-09T18:56:06.282722+00:00,3261.2,18.0,7163,2,2,mobile,,
1437609,122011,102,Mr. Wrong (1996),Comedy,u122011-m102-s2,segment_watch,2003-03-09T18:57:49.260496+00:00,3450.0,19.0,7163,2,2,mobile,,
1437610,122011,102,Mr. Wrong (1996),Comedy,u122011-m102-s2,seek_forward,2003-03-09T18:58:00.590221+00:00,3874.6,21.0,7163,2,2,mobile,,
1437611,122011,102,Mr. Wrong (1996),Comedy,u122011-m102-s2,segment_watch,2003-03-09T19:02:44.739864+00:00,4044.7,22.0,7163,2,2,mobile,,
1437612,122011,102,Mr. Wrong (1996),Comedy,u122011-m102-s2,segment_watch,2003-03-09T19:06:30.357832+00:00,4241.4,23.0,7163,2,2,mobile,,
1437613,122011,102,Mr. Wrong (1996),Comedy,u122011-m102-s2,segment_watch,2003-03-09T19:09:05.622328+00:00,4409.2,24.0,7163,2,2,mobile,,
1437614,122011,102,Mr. Wrong (1996),Comedy,u122011-m102-s2,segment_watch,2003-03-09T19:10:40.421571+00:00,4584.7,25.0,7163,2,2,mobile,,
1437615,122011,102,Mr. Wrong (1996),Comedy,u122011-m102-s2,segment_watch,2003-03-09T19:12:37.735387+00:00,4751.6,26.0,7163,2,2,mobile,,
1437616,122011,102,Mr. Wrong (1996),Comedy,u122011-m102-s2,drop_off,2003-03-09T19:13:15.467573+00:00,3915.5,21.0,7163,2,2,mobile,,
3614898,20633,2324,Life Is Beautiful (La Vita è bella) (1997),Comedy,u20633-m2324-s1,session_start,2003-06-02T02:10:07.373577+00:00,0.0,,5658,1,2,tablet,,
3614899,20633,2324,Life Is Beautiful (La Vita è bella) (1997),Comedy,u20633-m2324-s1,segment_watch,2003-06-02T02:12:58.007344+00:00,164.2,0.0,5658,1,2,tablet,,
3614900,20633,2324,Life Is Beautiful (La Vita è bella) (1997),Comedy,u20633-m2324-s1,segment_watch,2003-06-02T02:14:26.008682+00:00,329.0,1.0,5658,1,2,tablet,,
3614901,20633,2324,Life Is Beautiful (La Vita è bella) (1997),Comedy,u20633-m2324-s1,segment_watch,2003-06-02T02:17:18.192692+00:00,512.9,2.0,5658,1,2,tablet,,
3614902,20633,2324,Life Is Beautiful (La Vita è bella) (1997),Comedy,u20633-m2324-s1,segment_watch,2003-06-02T02:20:32.189149+00:00,684.2,3.0,5658,1,2,tablet,,
3614903,20633,2324,Life Is Beautiful (La Vita è bella) (1997),Comedy,u20633-m2324-s1,pause,2003-06-02T02:21:08.774979+00:00,684.2,3.0,5658,1,2,tablet,,
3614904,20633,2324,Life Is Beautiful (La Vita è bella) (1997),Comedy,u20633-m2324-s1,segment_watch,2003-06-02T02:23:01.664537+00:00,880.6,4.0,5658,1,2,tablet,,
3614905,20633,2324,Life Is Beautiful (La Vita è bella) (1997),Comedy,u20633-m2324-s1,segment_watch,2003-06-02T02:25:07.604593+00:00,1049.8,5.0,5658,1,2,tablet,,
3614906,20633,2324,Life Is Beautiful (La Vita è bella) (1997),Comedy,u20633-m2324-s1,seek_forward,2003-06-02T02:25:19.529505+00:00,1580.3,8.0,5658,1,2,tablet,,
3614907,20633,2324,Life Is Beautiful (La Vita è bella) (1997),Comedy,u20633-m2324-s1,segment_watch,2003-06-02T02:28:25.621158+00:00,1773.5,9.0,5658,1,2,tablet,,
3614908,20633,2324,Life Is Beautiful (La Vita è bella) (1997),Comedy,u20633-m2324-s1,pause,2003-06-02T02:32:23.976819+00:00,1773.5,9.0,5658,1,2,tablet,,
3614909,20633,2324,Life Is Beautiful (La Vita è bella) (1997),Comedy,u20633-m2324-s1,seek_forward,2003-06-02T02:32:47.386332+00:00,2368.6,13.0,5658,1,2,tablet,,
3614910,20633,2324,Life Is Beautiful (La Vita è bella) (1997),Comedy,u20633-m2324-s1,segment_watch,2003-06-02T02:35:20.921964+00:00,2565.9,14.0,5658,1,2,tablet,,
3614911,20633,2324,Life Is Beautiful (La Vita è bella) (1997),Comedy,u20633-m2324-s1,pause,2003-06-02T02:37:27.285521+00:00,2565.9,14.0,5658,1,2,tablet,,
3614912,20633,2324,Life Is Beautiful (La Vita è bella) (1997),Comedy,u20633-m2324-s1,segment_watch,2003-06-02T02:39:12.983852+00:00,2729.7,15.0,5658,1,2,tablet,,
3614913,20633,2324,Life Is Beautiful (La Vita è bella) (1997),Comedy,u20633-m2324-s1,pause,2003-06-02T02:40:06.477114+00:00,2729.7,15.0,5658,1,2,tablet,,
3614914,20633,2324,Life Is Beautiful (La Vita è bella) (1997),Comedy,u20633-m2324-s1,segment_watch,2003-06-02T02:41:58.694419+00:00,2921.6,16.0,5658,1,2,tablet,,
3614915,20633,2324,Life Is Beautiful (La Vita è bella) (1997),Comedy,u20633-m2324-s1,pause,2003-06-02T02:43:03.882449+00:00,2921.6,16.0,5658,1,2,tablet,,
3614916,20633,2324,Life Is Beautiful (La Vita è bella) (1997),Comedy,u20633-m2324-s1,pause,2003-06-02T02:44:13.398729+00:00,2921.6,16.0,5658,1,2,tablet,,
3614917,20633,2324,Life Is Beautiful (La Vita è bella) (1997),Comedy,u20633-m2324-s1,seek_forward,2003-06-02T02:44:22.763996+00:00,3523.3,19.0,5658,1,2,tablet,,
3614918,20633,2324,Life Is Beautiful (La Vita è bella) (1997),Comedy,u20633-m2324-s1,pause,2003-06-02T02:47:52.584805+00:00,3523.3,19.0,5658,1,2,tablet,,
3614919,20633,2324,Life Is Beautiful (La Vita è bella) (1997),Comedy,u20633-m2324-s1,segment_watch,2003-06-02T02:49:49.611741+00:00,3702.8,20.0,5658,1,2,tablet,,
3614920,20633,2324,Life Is Beautiful (La Vita è bella) (1997),Comedy,u20633-m2324-s1,pause,2003-06-02T02:50:09.859047+00:00,3702.8,20.0,5658,1,2,tablet,,
3614921,20633,2324,Life Is Beautiful (La Vita è bella) (1997),Comedy,u20633-m2324-s1,pause,2003-06-02T02:51:03.047919+00:00,3702.8,20.0,5658,1,2,tablet,,
3614922,20633,2324,Life Is Beautiful (La Vita è bella) (1997),Comedy,u20633-m2324-s1,pause,2003-06-02T02:52:44.194519+00:00,3702.8,20.0,5658,1,2,tablet,,
3614923,20633,2324,Life Is Beautiful (La Vita è bella) (1997),Comedy,u20633-m2324-s1,segment_watch,2003-06-02T02:54:08.813074+00:00,3898.9,21.0,5658,1,2,tablet,,
3614924,20633,2324,Life Is Beautiful (La Vita è bella) (1997),Comedy,u20633-m2324-s1,segment_watch,2003-06-02T02:56:28.748169+00:00,4083.1,22.0,5658,1,2,tablet,,
3614925,20633,2324,Life Is Beautiful (La Vita è bella) (1997),Comedy,u20633-m2324-s1,seek_forward,2003-06-02T02:56:42.862291+00:00,4574.7,25.0,5658,1,2,tablet,,
3614926,20633,2324,Life Is Beautiful (La Vita è bella) (1997),Comedy,u20633-m2324-s1,pause,2003-06-02T02:57:43.131981+00:00,4574.7,25.0,5658,1,2,tablet,,
3614927,20633,2324,Life Is Beautiful (La Vita è bella) (1997),Comedy,u20633-m2324-s1,segment_watch,2003-06-02T02:59:22.656719+00:00,4754.1,26.0,5658,1,2,tablet,,
3614928,20633,2324,Life Is Beautiful (La Vita è bella) (1997),Comedy,u20633-m2324-s1,segment_watch,2003-06-02T03:00:59.911792+00:00,4929.8,27.0,5658,1,2,tablet,,
3614929,20633,2324,Life Is Beautiful (La Vita è bella) (1997),Comedy,u20633-m2324-s1,segment_watch,2003-06-02T03:02:26.745354+00:00,5112.1,28.0,5658,1,2,tablet,,
3614930,20633,2324,Life Is Beautiful (La Vita è bella) (1997),Comedy,u20633-m2324-s1,segment_watch,2003-06-02T03:04:26.425054+00:00,5298.6,29.0,5658,1,2,tablet,,
3614931,20633,2324,Life Is Beautiful (La Vita è bella) (1997),Comedy,u20633-m2324-s1,segment_watch,2003-06-02T03:06:26.673069+00:00,5474.5,30.0,5658,1,2,tablet,,
3614932,20633,2324,Life Is Beautiful (La Vita è bella) (1997),Comedy,u20633-m2324-s1,session_end,2003-06-02T03:06:46.179919+00:00,5474.5,30.0,5658,1,2,tablet,,
3614954,20633,2324,Life Is Beautiful (La Vita è bella) (1997),Comedy,u20633-m2324-s1,rating_given,2003-06-02T06:01:43.142556+00:00,,,5658,1,2,mobile,,4.5
759514,38588,1754,Fallen (1998),Crime,u38588-m1754-s2,session_start,2003-09-10T06:18:07.405558+00:00,0.0,,4626,2,2,web,,
759515,38588,1754,Fallen (1998),Crime,u38588-m1754-s2,segment_watch,2003-09-10T06:20:12.661336+00:00,177.5,0.0,4626,2,2,web,,
759516,38588,1754,Fallen (1998),Crime,u38588-m1754-s2,segment_watch,2003-09-10T06:23:49.978876+00:00,366.2,2.0,4626,2,2,web,,
759517,38588,1754,Fallen (1998),Crime,u38588-m1754-s2,segment_watch,2003-09-10T06:28:19.480280+00:00,724.6,4.0,4626,2,2,web,,
759518,38588,1754,Fallen (1998),Crime,u38588-m1754-s2,segment_watch,2003-09-10T06:30:40.224543+00:00,920.0,5.0,4626,2,2,web,,
759519,38588,1754,Fallen (1998),Crime,u38588-m1754-s2,pause,2003-09-10T06:33:43.140900+00:00,920.0,5.0,4626,2,2,web,,
759520,38588,1754,Fallen (1998),Crime,u38588-m1754-s2,segment_watch,2003-09-10T06:36:41.455050+00:00,1089.1,6.0,4626,2,2,web,,
759521,38588,1754,Fallen (1998),Crime,u38588-m1754-s2,seek_forward,2003-09-10T06:36:54.446465+00:00,1428.0,7.0,4626,2,2,web,,
759522,38588,1754,Fallen (1998),Crime,u38588-m1754-s2,segment_watch,2003-09-10T06:38:49.136013+00:00,1613.5,8.0,4626,2,2,web,,
759523,38588,1754,Fallen (1998),Crime,u38588-m1754-s2,pause,2003-09-10T06:39:58.829702+00:00,1613.5,8.0,4626,2,2,web,,
759524,38588,1754,Fallen (1998),Crime,u38588-m1754-s2,segment_watch,2003-09-10T06:42:18.196751+00:00,1775.5,9.0,4626,2,2,web,,
759525,38588,1754,Fallen (1998),Crime,u38588-m1754-s2,pause,2003-09-10T06:48:23.981450+00:00,1775.5,9.0,4626,2,2,web,,
759526,38588,1754,Fallen (1998),Crime,u38588-m1754-s2,pause,2003-09-10T06:51:34.619801+00:00,1775.5,9.0,4626,2,2,web,,
759527,38588,1754,Fallen (1998),Crime,u38588-m1754-s2,segment_watch,2003-09-10T06:53:25.249713+00:00,1960.9,10.0,4626,2,2,web,,
759528,38588,1754,Fallen (1998),Crime,u38588-m1754-s2,segment_watch,2003-09-10T06:55:19.479688+00:00,2156.5,11.0,4626,2,2,web,,
759529,38588,1754,Fallen (1998),Crime,u38588-m1754-s2,segment_watch,2003-09-10T06:57:29.568935+00:00,2332.5,12.0,4626,2,2,web,,
759530,38588,1754,Fallen (1998),Crime,u38588-m1754-s2,segment_watch,2003-09-10T07:00:21.124052+00:00,2503.6,13.0,4626,2,2,web,,
759531,38588,1754,Fallen (1998),Crime,u38588-m1754-s2,segment_watch,2003-09-10T07:01:55.968250+00:00,2683.3,14.0,4626,2,2,web,,
759532,38588,1754,Fallen (1998),Crime,u38588-m1754-s2,segment_watch,2003-09-10T07:03:27.357932+00:00,2858.9,15.0,4626,2,2,web,,
759533,38588,1754,Fallen (1998),Crime,u38588-m1754-s2,segment_watch,2003-09-10T07:04:47.617136+00:00,3031.4,16.0,4626,2,2,web,,
759534,38588,1754,Fallen (1998),Crime,u38588-m1754-s2,segment_watch,2003-09-10T07:07:30.960636+00:00,3223.6,17.0,4626,2,2,web,,
759535,38588,1754,Fallen (1998),Crime,u38588-m1754-s2,segment_watch,2003-09-10T07:09:36.001220+00:00,3406.1,18.0,4626,2,2,web,,
759536,38588,1754,Fallen (1998),Crime,u38588-m1754-s2,seek_forward,2003-09-10T07:09:50.762411+00:00,3829.9,21.0,4626,2,2,web,,
759537,38588,1754,Fallen (1998),Crime,u38588-m1754-s2,segment_watch,2003-09-10T07:12:03.291472+00:00,4003.1,22.0,4626,2,2,web,,
759538,38588,1754,Fallen (1998),Crime,u38588-m1754-s2,seek_forward,2003-09-10T07:12:53.377653+00:00,4316.8,23.0,4626,2,2,web,,
759539,38588,1754,Fallen (1998),Crime,u38588-m1754-s2,segment_watch,2003-09-10T07:14:47.478438+00:00,4481.6,24.0,4626,2,2,web,,
759540,38588,1754,Fallen (1998),Crime,u38588-m1754-s2,pause,2003-09-10T07:16:06.106609+00:00,4481.6,24.0,4626,2,2,web,,
759541,38588,1754,Fallen (1998),Crime,u38588-m1754-s2,pause,2003-09-10T07:17:13.427510+00:00,4481.6,24.0,4626,2,2,web,,
759542,38588,1754,Fallen (1998),Crime,u38588-m1754-s2,segment_watch,2003-09-10T07:19:13.831725+00:00,4669.2,25.0,4626,2,2,web,,
759543,38588,1754,Fallen (1998),Crime,u38588-m1754-s2,session_end,2003-09-10T07:19:48.194272+00:00,4626.0,25.0,4626,2,2,web,,
1203265,48605,353,"Crow, The (1994)",Action,u48605-m353-s1,session_start,2005-03-24T08:58:19.956198+00:00,0.0,,4406,1,1,smart_tv,,
1203266,48605,353,"Crow, The (1994)",Action,u48605-m353-s1,seek_forward,2005-03-24T08:58:53.691264+00:00,448.7,2.0,4406,1,1,smart_tv,,
1203267,48605,353,"Crow, The (1994)",Action,u48605-m353-s1,segment_watch,2005-03-24T09:00:30.124546+00:00,613.2,3.0,4406,1,1,smart_tv,,
1203268,48605,353,"Crow, The (1994)",Action,u48605-m353-s1,seek_forward,2005-03-24T09:00:47.015593+00:00,1013.4,5.0,4406,1,1,smart_tv,,
1203269,48605,353,"Crow, The (1994)",Action,u48605-m353-s1,segment_watch,2005-03-24T09:03:17.957155+00:00,1196.5,6.0,4406,1,1,smart_tv,,
1203270,48605,353,"Crow, The (1994)",Action,u48605-m353-s1,segment_watch,2005-03-24T09:05:33.878200+00:00,1370.9,7.0,4406,1,1,smart_tv,,
1203271,48605,353,"Crow, The (1994)",Action,u48605-m353-s1,segment_watch,2005-03-24T09:09:04.316444+00:00,1547.8,8.0,4406,1,1,smart_tv,,
1203272,48605,353,"Crow, The (1994)",Action,u48605-m353-s1,segment_watch,2005-03-24T09:11:22.250119+00:00,1717.8,9.0,4406,1,1,smart_tv,,
1203273,48605,353,"Crow, The (1994)",Action,u48605-m353-s1,pause,2005-03-24T09:14:03.316163+00:00,1717.8,9.0,4406,1,1,smart_tv,,
1203274,48605,353,"Crow, The (1994)",Action,u48605-m353-s1,segment_watch,2005-03-24T09:17:12.515543+00:00,1892.5,10.0,4406,1,1,smart_tv,,
1203275,48605,353,"Crow, The (1994)",Action,u48605-m353-s1,segment_watch,2005-03-24T09:18:47.257850+00:00,2075.6,11.0,4406,1,1,smart_tv,,
1203276,48605,353,"Crow, The (1994)",Action,u48605-m353-s1,segment_watch,2005-03-24T09:20:16.280849+00:00,2240.8,12.0,4406,1,1,smart_tv,,
1203277,48605,353,"Crow, The (1994)",Action,u48605-m353-s1,segment_watch,2005-03-24T09:22:39.643557+00:00,2428.1,13.0,4406,1,1,smart_tv,,
1203278,48605,353,"Crow, The (1994)",Action,u48605-m353-s1,pause,2005-03-24T09:23:38.383263+00:00,2428.1,13.0,4406,1,1,smart_tv,,
1203279,48605,353,"Crow, The (1994)",Action,u48605-m353-s1,pause,2005-03-24T09:25:24.902021+00:00,2428.1,13.0,4406,1,1,smart_tv,,
1203280,48605,353,"Crow, The (1994)",Action,u48605-m353-s1,segment_watch,2005-03-24T09:27:49.748740+00:00,2600.7,14.0,4406,1,1,smart_tv,,
1203281,48605,353,"Crow, The (1994)",Action,u48605-m353-s1,segment_watch,2005-03-24T09:30:08.764571+00:00,2777.4,15.0,4406,1,1,smart_tv,,
1203282,48605,353,"Crow, The (1994)",Action,u48605-m353-s1,segment_watch,2005-03-24T09:35:08.591378+00:00,2948.5,16.0,4406,1,1,smart_tv,,
1203283,48605,353,"Crow, The (1994)",Action,u48605-m353-s1,segment_watch,2005-03-24T09:37:47.970079+00:00,3116.7,17.0,4406,1,1,smart_tv,,
1203284,48605,353,"Crow, The (1994)",Action,u48605-m353-s1,pause,2005-03-24T09:41:28.318674+00:00,3116.7,17.0,4406,1,1,smart_tv,,
1203285,48605,353,"Crow, The (1994)",Action,u48605-m353-s1,pause,2005-03-24T09:44:42.378121+00:00,3116.7,17.0,4406,1,1,smart_tv,,
1203286,48605,353,"Crow, The (1994)",Action,u48605-m353-s1,segment_watch,2005-03-24T09:46:19.689151+00:00,3309.7,18.0,4406,1,1,smart_tv,,
1203287,48605,353,"Crow, The (1994)",Action,u48605-m353-s1,seek_forward,2005-03-24T09:46:26.674481+00:00,3939.6,21.0,4406,1,1,smart_tv,,
1203288,48605,353,"Crow, The (1994)",Action,u48605-m353-s1,segment_watch,2005-03-24T09:49:50.761165+00:00,4103.4,22.0,4406,1,1,smart_tv,,
1203289,48605,353,"Crow, The (1994)",Action,u48605-m353-s1,segment_watch,2005-03-24T09:50:56.502122+00:00,4283.8,23.0,4406,1,1,smart_tv,,
1203290,48605,353,"Crow, The (1994)",Action,u48605-m353-s1,session_end,2005-03-24T09:51:50.275736+00:00,4283.8,23.0,4406,1,1,smart_tv,,
1203291,48605,353,"Crow, The (1994)",Action,u48605-m353-s1,rating_given,2005-03-24T11:31:54.933917+00:00,,,4406,1,1,web,,4.0
526836,44895,804,She's the One (1996),Comedy,u44895-m804-s2,session_start,2005-12-19T14:29:32.821325+00:00,0.0,,8064,2,2,smart_tv,,
526837,44895,804,She's the One (1996),Comedy,u44895-m804-s2,segment_watch,2005-12-19T14:31:22.885522+00:00,162.5,0.0,8064,2,2,smart_tv,,
526838,44895,804,She's the One (1996),Comedy,u44895-m804-s2,pause,2005-12-19T14:32:58.389540+00:00,162.5,0.0,8064,2,2,smart_tv,,
526839,44895,804,She's the One (1996),Comedy,u44895-m804-s2,segment_watch,2005-12-19T14:35:29.568277+00:00,326.9,1.0,8064,2,2,smart_tv,,
526840,44895,804,She's the One (1996),Comedy,u44895-m804-s2,segment_watch,2005-12-19T14:38:40.125226+00:00,514.5,2.0,8064,2,2,smart_tv,,
526841,44895,804,She's the One (1996),Comedy,u44895-m804-s2,segment_watch,2005-12-19T14:40:36.697079+00:00,685.7,3.0,8064,2,2,smart_tv,,
526842,44895,804,She's the One (1996),Comedy,u44895-m804-s2,segment_watch,2005-12-19T14:43:54.591886+00:00,883.1,4.0,8064,2,2,smart_tv,,
526843,44895,804,She's the One (1996),Comedy,u44895-m804-s2,segment_watch,2005-12-19T14:45:30.395570+00:00,1053.7,5.0,8064,2,2,smart_tv,,
526844,44895,804,She's the One (1996),Comedy,u44895-m804-s2,segment_watch,2005-12-19T14:49:38.795200+00:00,1235.0,6.0,8064,2,2,smart_tv,,
526845,44895,804,She's the One (1996),Comedy,u44895-m804-s2,segment_watch,2005-12-19T14:51:28.096512+00:00,1422.4,7.0,8064,2,2,smart_tv,,
526846,44895,804,She's the One (1996),Comedy,u44895-m804-s2,segment_watch,2005-12-19T14:53:00.350637+00:00,1618.7,8.0,8064,2,2,smart_tv,,
526847,44895,804,She's the One (1996),Comedy,u44895-m804-s2,segment_watch,2005-12-19T14:54:31.003106+00:00,1814.3,10.0,8064,2,2,smart_tv,,
526848,44895,804,She's the One (1996),Comedy,u44895-m804-s2,seek_forward,2005-12-19T14:54:42.568724+00:00,2489.7,13.0,8064,2,2,smart_tv,,
526849,44895,804,She's the One (1996),Comedy,u44895-m804-s2,segment_watch,2005-12-19T14:57:36.385361+00:00,2674.4,14.0,8064,2,2,smart_tv,,
526850,44895,804,She's the One (1996),Comedy,u44895-m804-s2,segment_watch,2005-12-19T14:59:10.748981+00:00,2848.5,15.0,8064,2,2,smart_tv,,
526851,44895,804,She's the One (1996),Comedy,u44895-m804-s2,segment_watch,2005-12-19T15:01:15.610829+00:00,3045.8,16.0,8064,2,2,smart_tv,,
526852,44895,804,She's the One (1996),Comedy,u44895-m804-s2,pause,2005-12-19T15:10:14.986468+00:00,3045.8,16.0,8064,2,2,smart_tv,,
526853,44895,804,She's the One (1996),Comedy,u44895-m804-s2,pause,2005-12-19T15:11:04.676964+00:00,3045.8,16.0,8064,2,2,smart_tv,,
526854,44895,804,She's the One (1996),Comedy,u44895-m804-s2,segment_watch,2005-12-19T15:13:26.785344+00:00,3241.4,18.0,8064,2,2,smart_tv,,
526855,44895,804,She's the One (1996),Comedy,u44895-m804-s2,segment_watch,2005-12-19T15:19:28.534633+00:00,3587.7,19.0,8064,2,2,smart_tv,,
526856,44895,804,She's the One (1996),Comedy,u44895-m804-s2,pause,2005-12-19T15:19:55.346664+00:00,3587.7,19.0,8064,2,2,smart_tv,,
526857,44895,804,She's the One (1996),Comedy,u44895-m804-s2,pause,2005-12-19T15:21:38.805822+00:00,3587.7,19.0,8064,2,2,smart_tv,,
526858,44895,804,She's the One (1996),Comedy,u44895-m804-s2,seek_forward,2005-12-19T15:21:45.534903+00:00,3920.8,21.0,8064,2,2,smart_tv,,
526859,44895,804,She's the One (1996),Comedy,u44895-m804-s2,seek_forward,2005-12-19T15:22:03.977004+00:00,4312.6,23.0,8064,2,2,smart_tv,,
526860,44895,804,She's the One (1996),Comedy,u44895-m804-s2,segment_watch,2005-12-19T15:25:38.999811+00:00,4505.2,25.0,8064,2,2,smart_tv,,
526861,44895,804,She's the One (1996),Comedy,u44895-m804-s2,seek_forward,2005-12-19T15:26:41.077948+00:00,4907.0,27.0,8064,2,2,smart_tv,,
526862,44895,804,She's the One (1996),Comedy,u44895-m804-s2,seek_backward,2005-12-19T15:26:58.844588+00:00,5792.8,32.0,8064,2,2,smart_tv,,
526863,44895,804,She's the One (1996),Comedy,u44895-m804-s2,pause,2005-12-19T15:29:09.598641+00:00,5792.8,32.0,8064,2,2,smart_tv,,
526864,44895,804,She's the One (1996),Comedy,u44895-m804-s2,seek_forward,2005-12-19T15:29:24.403063+00:00,6484.4,36.0,8064,2,2,smart_tv,,
526865,44895,804,She's the One (1996),Comedy,u44895-m804-s2,pause,2005-12-19T15:31:46.804957+00:00,6484.4,36.0,8064,2,2,smart_tv,,
526866,44895,804,She's the One (1996),Comedy,u44895-m804-s2,segment_watch,2005-12-19T15:34:01.747414+00:00,6668.4,37.0,8064,2,2,smart_tv,,
526867,44895,804,She's the One (1996),Comedy,u44895-m804-s2,segment_watch,2005-12-19T15:35:52.287773+00:00,6859.3,38.0,8064,2,2,smart_tv,,
526868,44895,804,She's the One (1996),Comedy,u44895-m804-s2,segment_watch,2005-12-19T15:37:57.453429+00:00,7023.1,39.0,8064,2,2,smart_tv,,
526869,44895,804,She's the One (1996),Comedy,u44895-m804-s2,segment_watch,2005-12-19T15:40:18.374951+00:00,7217.6,40.0,8064,2,2,smart_tv,,
526870,44895,804,She's the One (1996),Comedy,u44895-m804-s2,seek_forward,2005-12-19T15:40:56.773636+00:00,7816.7,43.0,8064,2,2,smart_tv,,
526871,44895,804,She's the One (1996),Comedy,u44895-m804-s2,segment_watch,2005-12-19T15:43:08.260194+00:00,7984.1,44.0,8064,2,2,smart_tv,,
526872,44895,804,She's the One (1996),Comedy,u44895-m804-s2,session_end,2005-12-19T15:43:49.878016+00:00,7984.1,44.0,8064,2,2,smart_tv,,
2226070,151491,5445,Minority Report (2002),Action,u151491-m5445-s1,session_start,2006-12-19T03:27:30.399534+00:00,0.0,,6275,1,1,mobile,,
2226071,151491,5445,Minority Report (2002),Action,u151491-m5445-s1,segment_watch,2006-12-19T03:30:03.070871+00:00,168.9,0.0,6275,1,1,mobile,,
2226072,151491,5445,Minority Report (2002),Action,u151491-m5445-s1,segment_watch,2006-12-19T03:32:15.280154+00:00,343.4,1.0,6275,1,1,mobile,,
2226073,151491,5445,Minority Report (2002),Action,u151491-m5445-s1,seek_forward,2006-12-19T03:32:32.939790+00:00,769.0,4.0,6275,1,1,mobile,,
2226074,151491,5445,Minority Report (2002),Action,u151491-m5445-s1,pause,2006-12-19T03:33:12.980495+00:00,769.0,4.0,6275,1,1,mobile,,
2226075,151491,5445,Minority Report (2002),Action,u151491-m5445-s1,segment_watch,2006-12-19T03:35:38.828365+00:00,953.5,5.0,6275,1,1,mobile,,
2226076,151491,5445,Minority Report (2002),Action,u151491-m5445-s1,segment_watch,2006-12-19T03:38:49.867809+00:00,1142.1,6.0,6275,1,1,mobile,,
2226077,151491,5445,Minority Report (2002),Action,u151491-m5445-s1,segment_watch,2006-12-19T03:40:33.240605+00:00,1320.2,7.0,6275,1,1,mobile,,
2226078,151491,5445,Minority Report (2002),Action,u151491-m5445-s1,pause,2006-12-19T03:41:03.686568+00:00,1320.2,7.0,6275,1,1,mobile,,
2226079,151491,5445,Minority Report (2002),Action,u151491-m5445-s1,segment_watch,2006-12-19T03:42:29.770095+00:00,1492.8,8.0,6275,1,1,mobile,,
2226080,151491,5445,Minority Report (2002),Action,u151491-m5445-s1,pause,2006-12-19T03:45:15.554038+00:00,1492.8,8.0,6275,1,1,mobile,,
2226081,151491,5445,Minority Report (2002),Action,u151491-m5445-s1,segment_watch,2006-12-19T03:48:50.931014+00:00,1658.1,9.0,6275,1,1,mobile,,
2226082,151491,5445,Minority Report (2002),Action,u151491-m5445-s1,pause,2006-12-19T03:50:05.951930+00:00,1658.1,9.0,6275,1,1,mobile,,
2226083,151491,5445,Minority Report (2002),Action,u151491-m5445-s1,pause,2006-12-19T03:51:17.139378+00:00,1658.1,9.0,6275,1,1,mobile,,
2226084,151491,5445,Minority Report (2002),Action,u151491-m5445-s1,pause,2006-12-19T03:52:27.565061+00:00,1658.1,9.0,6275,1,1,mobile,,
2226085,151491,5445,Minority Report (2002),Action,u151491-m5445-s1,segment_watch,2006-12-19T03:53:24.721732+00:00,1852.1,10.0,6275,1,1,mobile,,
2226086,151491,5445,Minority Report (2002),Action,u151491-m5445-s1,segment_watch,2006-12-19T03:55:21.286755+00:00,2029.4,11.0,6275,1,1,mobile,,
2226087,151491,5445,Minority Report (2002),Action,u151491-m5445-s1,pause,2006-12-19T03:55:41.265574+00:00,2029.4,11.0,6275,1,1,mobile,,
2226088,151491,5445,Minority Report (2002),Action,u151491-m5445-s1,segment_watch,2006-12-19T03:58:00.097807+00:00,2220.4,12.0,6275,1,1,mobile,,
2226089,151491,5445,Minority Report (2002),Action,u151491-m5445-s1,segment_watch,2006-12-19T03:59:55.082091+00:00,2417.2,13.0,6275,1,1,mobile,,
2226090,151491,5445,Minority Report (2002),Action,u151491-m5445-s1,segment_watch,2006-12-19T04:01:51.056949+00:00,2590.3,14.0,6275,1,1,mobile,,
2226091,151491,5445,Minority Report (2002),Action,u151491-m5445-s1,pause,2006-12-19T04:03:03.562260+00:00,2590.3,14.0,6275,1,1,mobile,,
2226092,151491,5445,Minority Report (2002),Action,u151491-m5445-s1,segment_watch,2006-12-19T04:06:33.597737+00:00,2777.1,15.0,6275,1,1,mobile,,
2226093,151491,5445,Minority Report (2002),Action,u151491-m5445-s1,pause,2006-12-19T04:07:24.674777+00:00,2777.1,15.0,6275,1,1,mobile,,
2226094,151491,5445,Minority Report (2002),Action,u151491-m5445-s1,pause,2006-12-19T04:07:37.988592+00:00,2777.1,15.0,6275,1,1,mobile,,
2226095,151491,5445,Minority Report (2002),Action,u151491-m5445-s1,segment_watch,2006-12-19T04:08:59.456074+00:00,2949.9,16.0,6275,1,1,mobile,,
2226096,151491,5445,Minority Report (2002),Action,u151491-m5445-s1,seek_forward,2006-12-19T04:09:22.922716+00:00,3222.4,17.0,6275,1,1,mobile,,
2226097,151491,5445,Minority Report (2002),Action,u151491-m5445-s1,pause,2006-12-19T04:09:51.089329+00:00,3222.4,17.0,6275,1,1,mobile,,
2226098,151491,5445,Minority Report (2002),Action,u151491-m5445-s1,segment_watch,2006-12-19T04:11:43.540547+00:00,3410.9,18.0,6275,1,1,mobile,,
2226099,151491,5445,Minority Report (2002),Action,u151491-m5445-s1,pause,2006-12-19T04:13:05.350222+00:00,3410.9,18.0,6275,1,1,mobile,,
2226100,151491,5445,Minority Report (2002),Action,u151491-m5445-s1,segment_watch,2006-12-19T04:16:17.018674+00:00,3591.2,19.0,6275,1,1,mobile,,
2226101,151491,5445,Minority Report (2002),Action,u151491-m5445-s1,segment_watch,2006-12-19T04:18:51.269686+00:00,3775.9,20.0,6275,1,1,mobile,,
2226102,151491,5445,Minority Report (2002),Action,u151491-m5445-s1,pause,2006-12-19T04:27:21.363521+00:00,3775.9,20.0,6275,1,1,mobile,,
2226103,151491,5445,Minority Report (2002),Action,u151491-m5445-s1,seek_forward,2006-12-19T04:28:02.610549+00:00,4170.1,23.0,6275,1,1,mobile,,
2226104,151491,5445,Minority Report (2002),Action,u151491-m5445-s1,drop_off,2006-12-19T04:28:17.033629+00:00,3997.9,22.0,6275,1,1,mobile,,
2226105,151491,5445,Minority Report (2002),Action,u151491-m5445-s1,rating_given,2006-12-19T06:03:11.435695+00:00,,,6275,1,1,mobile,,2.5
460494,100419,48780,"Prestige, The (2006)",Drama,u100419-m48780-s1,session_start,2007-04-12T13:59:18.338669+00:00,0.0,,5762,1,2,tablet,,
460495,100419,48780,"Prestige, The (2006)",Drama,u100419-m48780-s1,pause,2007-04-12T14:00:20.024305+00:00,0.0,0.0,5762,1,2,tablet,,
460496,100419,48780,"Prestige, The (2006)",Drama,u100419-m48780-s1,pause,2007-04-12T14:04:41.851950+00:00,0.0,0.0,5762,1,2,tablet,,
460497,100419,48780,"Prestige, The (2006)",Drama,u100419-m48780-s1,segment_watch,2007-04-12T14:06:46.103330+00:00,166.7,0.0,5762,1,2,tablet,,
460498,100419,48780,"Prestige, The (2006)",Drama,u100419-m48780-s1,segment_watch,2007-04-12T14:10:03.452335+00:00,364.2,2.0,5762,1,2,tablet,,
460499,100419,48780,"Prestige, The (2006)",Drama,u100419-m48780-s1,seek_forward,2007-04-12T14:10:50.723240+00:00,878.1,4.0,5762,1,2,tablet,,
460500,100419,48780,"Prestige, The (2006)",Drama,u100419-m48780-s1,segment_watch,2007-04-12T14:12:46.938636+00:00,1050.3,5.0,5762,1,2,tablet,,
460501,100419,48780,"Prestige, The (2006)",Drama,u100419-m48780-s1,pause,2007-04-12T14:13:52.315604+00:00,1050.3,5.0,5762,1,2,tablet,,
460502,100419,48780,"Prestige, The (2006)",Drama,u100419-m48780-s1,pause,2007-04-12T14:17:33.393299+00:00,1050.3,5.0,5762,1,2,tablet,,
460503,100419,48780,"Prestige, The (2006)",Drama,u100419-m48780-s1,pause,2007-04-12T14:18:13.267613+00:00,1050.3,5.0,5762,1,2,tablet,,
460504,100419,48780,"Prestige, The (2006)",Drama,u100419-m48780-s1,segment_watch,2007-04-12T14:20:47.933415+00:00,1214.0,6.0,5762,1,2,tablet,,
460505,100419,48780,"Prestige, The (2006)",Drama,u100419-m48780-s1,segment_watch,2007-04-12T14:23:23.511421+00:00,1399.6,7.0,5762,1,2,tablet,,
460506,100419,48780,"Prestige, The (2006)",Drama,u100419-m48780-s1,pause,2007-04-12T14:23:41.891871+00:00,1399.6,7.0,5762,1,2,tablet,,
460507,100419,48780,"Prestige, The (2006)",Drama,u100419-m48780-s1,segment_watch,2007-04-12T14:25:26.279876+00:00,1588.0,8.0,5762,1,2,tablet,,
460508,100419,48780,"Prestige, The (2006)",Drama,u100419-m48780-s1,segment_watch,2007-04-12T14:26:39.482757+00:00,1762.7,9.0,5762,1,2,tablet,,
460509,100419,48780,"Prestige, The (2006)",Drama,u100419-m48780-s1,segment_watch,2007-04-12T14:28:21.957527+00:00,1932.6,10.0,5762,1,2,tablet,,
460510,100419,48780,"Prestige, The (2006)",Drama,u100419-m48780-s1,pause,2007-04-12T14:29:23.562419+00:00,1932.6,10.0,5762,1,2,tablet,,
460511,100419,48780,"Prestige, The (2006)",Drama,u100419-m48780-s1,segment_watch,2007-04-12T14:32:37.037755+00:00,2121.6,11.0,5762,1,2,tablet,,
460512,100419,48780,"Prestige, The (2006)",Drama,u100419-m48780-s1,pause,2007-04-12T14:34:04.155461+00:00,2121.6,11.0,5762,1,2,tablet,,
460513,100419,48780,"Prestige, The (2006)",Drama,u100419-m48780-s1,segment_watch,2007-04-12T14:37:00.898421+00:00,2291.7,12.0,5762,1,2,tablet,,
460514,100419,48780,"Prestige, The (2006)",Drama,u100419-m48780-s1,pause,2007-04-12T14:39:29.858891+00:00,2291.7,12.0,5762,1,2,tablet,,
460515,100419,48780,"Prestige, The (2006)",Drama,u100419-m48780-s1,segment_watch,2007-04-12T14:40:49.202164+00:00,2459.1,13.0,5762,1,2,tablet,,
460516,100419,48780,"Prestige, The (2006)",Drama,u100419-m48780-s1,segment_watch,2007-04-12T14:43:40.412399+00:00,2621.9,14.0,5762,1,2,tablet,,
460517,100419,48780,"Prestige, The (2006)",Drama,u100419-m48780-s1,segment_watch,2007-04-12T14:45:09.684309+00:00,2814.0,15.0,5762,1,2,tablet,,
460518,100419,48780,"Prestige, The (2006)",Drama,u100419-m48780-s1,segment_watch,2007-04-12T14:47:17.696572+00:00,2981.3,16.0,5762,1,2,tablet,,
460519,100419,48780,"Prestige, The (2006)",Drama,u100419-m48780-s1,segment_watch,2007-04-12T14:50:26.945789+00:00,3165.3,17.0,5762,1,2,tablet,,
460520,100419,48780,"Prestige, The (2006)",Drama,u100419-m48780-s1,pause,2007-04-12T14:51:04.165784+00:00,3165.3,17.0,5762,1,2,tablet,,
460521,100419,48780,"Prestige, The (2006)",Drama,u100419-m48780-s1,pause,2007-04-12T14:59:10.770220+00:00,3165.3,17.0,5762,1,2,tablet,,
460522,100419,48780,"Prestige, The (2006)",Drama,u100419-m48780-s1,segment_watch,2007-04-12T15:02:25.102919+00:00,3340.4,18.0,5762,1,2,tablet,,
460523,100419,48780,"Prestige, The (2006)",Drama,u100419-m48780-s1,segment_watch,2007-04-12T15:04:09.068344+00:00,3514.8,19.0,5762,1,2,tablet,,
460524,100419,48780,"Prestige, The (2006)",Drama,u100419-m48780-s1,seek_forward,2007-04-12T15:04:37.595727+00:00,3807.1,21.0,5762,1,2,tablet,,
460525,100419,48780,"Prestige, The (2006)",Drama,u100419-m48780-s1,segment_watch,2007-04-12T15:06:54.150062+00:00,3973.3,22.0,5762,1,2,tablet,,
460526,100419,48780,"Prestige, The (2006)",Drama,u100419-m48780-s1,pause,2007-04-12T15:09:52.892878+00:00,3973.3,22.0,5762,1,2,tablet,,
460527,100419,48780,"Prestige, The (2006)",Drama,u100419-m48780-s1,pause,2007-04-12T15:10:47.797025+00:00,3973.3,22.0,5762,1,2,tablet,,
460528,100419,48780,"Prestige, The (2006)",Drama,u100419-m48780-s1,seek_forward,2007-04-12T15:11:01.873297+00:00,4659.5,25.0,5762,1,2,tablet,,
460529,100419,48780,"Prestige, The (2006)",Drama,u100419-m48780-s1,seek_forward,2007-04-12T15:11:10.524935+00:00,5054.3,28.0,5762,1,2,tablet,,
460530,100419,48780,"Prestige, The (2006)",Drama,u100419-m48780-s1,drop_off,2007-04-12T15:11:31.941460+00:00,4148.6,23.0,5762,1,2,tablet,,
460574,100419,48780,"Prestige, The (2006)",Drama,u100419-m48780-s1,rating_given,2007-04-12T16:09:39.784428+00:00,,,5762,1,2,smart_tv,,4.0
1185967,104857,19,Ace Ventura: When Nature Calls (1995),Comedy,u104857-m19-s2,session_start,2007-08-31T17:00:56.250496+00:00,0.0,,7012,2,2,web,,
1185968,104857,19,Ace Ventura: When Nature Calls (1995),Comedy,u104857-m19-s2,segment_watch,2007-08-31T17:03:08.646057+00:00,178.1,0.0,7012,2,2,web,,
1185969,104857,19,Ace Ventura: When Nature Calls (1995),Comedy,u104857-m19-s2,segment_watch,2007-08-31T17:05:23.214126+00:00,363.7,2.0,7012,2,2,web,,
1185970,104857,19,Ace Ventura: When Nature Calls (1995),Comedy,u104857-m19-s2,segment_watch,2007-08-31T17:07:44.611423+00:00,543.1,3.0,7012,2,2,web,,
1185971,104857,19,Ace Ventura: When Nature Calls (1995),Comedy,u104857-m19-s2,segment_watch,2007-08-31T17:11:27.757478+00:00,720.7,4.0,7012,2,2,web,,
1185972,104857,19,Ace Ventura: When Nature Calls (1995),Comedy,u104857-m19-s2,segment_watch,2007-08-31T17:14:16.491525+00:00,901.7,5.0,7012,2,2,web,,
1185973,104857,19,Ace Ventura: When Nature Calls (1995),Comedy,u104857-m19-s2,pause,2007-08-31T17:16:50.832916+00:00,1073.2,5.0,7012,2,2,web,,
1185974,104857,19,Ace Ventura: When Nature Calls (1995),Comedy,u104857-m19-s2,seek_forward,2007-08-31T17:17:07.481991+00:00,1462.3,8.0,7012,2,2,web,,
1185975,104857,19,Ace Ventura: When Nature Calls (1995),Comedy,u104857-m19-s2,seek_forward,2007-08-31T17:17:23.741899+00:00,2129.3,11.0,7012,2,2,web,,
1185976,104857,19,Ace Ventura: When Nature Calls (1995),Comedy,u104857-m19-s2,segment_watch,2007-08-31T17:21:00.013264+00:00,2305.0,12.0,7012,2,2,web,,
1185977,104857,19,Ace Ventura: When Nature Calls (1995),Comedy,u104857-m19-s2,seek_forward,2007-08-31T17:21:06.233292+00:00,2853.1,15.0,7012,2,2,web,,
1185978,104857,19,Ace Ventura: When Nature Calls (1995),Comedy,u104857-m19-s2,segment_watch,2007-08-31T17:23:59.094228+00:00,3042.4,16.0,7012,2,2,web,,
1185979,104857,19,Ace Ventura: When Nature Calls (1995),Comedy,u104857-m19-s2,segment_watch,2007-08-31T17:28:27.263029+00:00,3219.2,17.0,7012,2,2,web,,
1185980,104857,19,Ace Ventura: When Nature Calls (1995),Comedy,u104857-m19-s2,segment_watch,2007-08-31T17:30:56.237976+00:00,3415.0,18.0,7012,2,2,web,,
1185981,104857,19,Ace Ventura: When Nature Calls (1995),Comedy,u104857-m19-s2,segment_watch,2007-08-31T17:33:03.261593+00:00,3584.0,19.0,7012,2,2,web,,
1185982,104857,19,Ace Ventura: When Nature Calls (1995),Comedy,u104857-m19-s2,pause,2007-08-31T17:34:59.582599+00:00,3584.0,19.0,7012,2,2,web,,
1185983,104857,19,Ace Ventura: When Nature Calls (1995),Comedy,u104857-m19-s2,segment_watch,2007-08-31T17:36:38.424895+00:00,3759.0,20.0,7012,2,2,web,,
1185984,104857,19,Ace Ventura: When Nature Calls (1995),Comedy,u104857-m19-s2,segment_watch,2007-08-31T17:39:48.311579+00:00,3949.3,21.0,7012,2,2,web,,
1185985,104857,19,Ace Ventura: When Nature Calls (1995),Comedy,u104857-m19-s2,seek_backward,2007-08-31T17:40:17.164533+00:00,5372.4,29.0,7012,2,2,web,,
1185986,104857,19,Ace Ventura: When Nature Calls (1995),Comedy,u104857-m19-s2,pause,2007-08-31T17:40:47.224548+00:00,5372.4,29.0,7012,2,2,web,,
1185987,104857,19,Ace Ventura: When Nature Calls (1995),Comedy,u104857-m19-s2,segment_watch,2007-08-31T17:44:38.465322+00:00,5534.6,30.0,7012,2,2,web,,
1185988,104857,19,Ace Ventura: When Nature Calls (1995),Comedy,u104857-m19-s2,seek_forward,2007-08-31T17:44:58.451997+00:00,6175.3,34.0,7012,2,2,web,,
1185989,104857,19,Ace Ventura: When Nature Calls (1995),Comedy,u104857-m19-s2,pause,2007-08-31T17:49:55.678578+00:00,6175.3,34.0,7012,2,2,web,,
1185990,104857,19,Ace Ventura: When Nature Calls (1995),Comedy,u104857-m19-s2,pause,2007-08-31T17:52:28.690065+00:00,6175.3,34.0,7012,2,2,web,,
1185991,104857,19,Ace Ventura: When Nature Calls (1995),Comedy,u104857-m19-s2,segment_watch,2007-08-31T17:54:44.079256+00:00,6353.6,35.0,7012,2,2,web,,
1185992,104857,19,Ace Ventura: When Nature Calls (1995),Comedy,u104857-m19-s2,pause,2007-08-31T17:55:43.663130+00:00,6353.6,35.0,7012,2,2,web,,
1185993,104857,19,Ace Ventura: When Nature Calls (1995),Comedy,u104857-m19-s2,seek_forward,2007-08-31T17:55:54.482441+00:00,6924.5,38.0,7012,2,2,web,,
1185994,104857,19,Ace Ventura: When Nature Calls (1995),Comedy,u104857-m19-s2,segment_watch,2007-08-31T17:57:21.364808+00:00,7106.4,39.0,7012,2,2,web,,
1185995,104857,19,Ace Ventura: When Nature Calls (1995),Comedy,u104857-m19-s2,session_end,2007-08-31T17:57:57.198308+00:00,7012.0,38.0,7012,2,2,web,,
2160213,131896,1270,Back to the Future (1985),Adventure,u131896-m1270-s2,session_start,2007-09-01T16:50:50.327642+00:00,0.0,,7711,2,3,web,,
2160214,131896,1270,Back to the Future (1985),Adventure,u131896-m1270-s2,segment_watch,2007-09-01T16:53:52.022910+00:00,167.3,0.0,7711,2,3,web,,
2160215,131896,1270,Back to the Future (1985),Adventure,u131896-m1270-s2,segment_watch,2007-09-01T16:56:56.307150+00:00,348.7,1.0,7711,2,3,web,,
2160216,131896,1270,Back to the Future (1985),Adventure,u131896-m1270-s2,segment_watch,2007-09-01T16:59:00.216887+00:00,534.1,2.0,7711,2,3,web,,
2160217,131896,1270,Back to the Future (1985),Adventure,u131896-m1270-s2,segment_watch,2007-09-01T17:01:31.035894+00:00,713.8,3.0,7711,2,3,web,,
2160218,131896,1270,Back to the Future (1985),Adventure,u131896-m1270-s2,segment_watch,2007-09-01T17:04:18.521014+00:00,878.7,4.0,7711,2,3,web,,
2160219,131896,1270,Back to the Future (1985),Adventure,u131896-m1270-s2,segment_watch,2007-09-01T17:05:52.547270+00:00,1072.4,5.0,7711,2,3,web,,
2160220,131896,1270,Back to the Future (1985),Adventure,u131896-m1270-s2,segment_watch,2007-09-01T17:07:38.240328+00:00,1246.9,6.0,7711,2,3,web,,
2160221,131896,1270,Back to the Future (1985),Adventure,u131896-m1270-s2,segment_watch,2007-09-01T17:09:14.565308+00:00,1441.6,8.0,7711,2,3,web,,
2160222,131896,1270,Back to the Future (1985),Adventure,u131896-m1270-s2,pause,2007-09-01T17:10:06.540276+00:00,1441.6,8.0,7711,2,3,web,,
2160223,131896,1270,Back to the Future (1985),Adventure,u131896-m1270-s2,segment_watch,2007-09-01T17:13:58.443157+00:00,1781.3,9.0,7711,2,3,web,,
2160224,131896,1270,Back to the Future (1985),Adventure,u131896-m1270-s2,segment_watch,2007-09-01T17:16:18.306952+00:00,1975.7,10.0,7711,2,3,web,,
2160225,131896,1270,Back to the Future (1985),Adventure,u131896-m1270-s2,segment_watch,2007-09-01T17:18:21.970580+00:00,2159.9,11.0,7711,2,3,web,,
2160226,131896,1270,Back to the Future (1985),Adventure,u131896-m1270-s2,segment_watch,2007-09-01T17:20:18.187279+00:00,2336.2,12.0,7711,2,3,web,,
2160227,131896,1270,Back to the Future (1985),Adventure,u131896-m1270-s2,segment_watch,2007-09-01T17:23:06.108606+00:00,2518.0,13.0,7711,2,3,web,,
2160228,131896,1270,Back to the Future (1985),Adventure,u131896-m1270-s2,segment_watch,2007-09-01T17:24:32.334803+00:00,2705.6,15.0,7711,2,3,web,,
2160229,131896,1270,Back to the Future (1985),Adventure,u131896-m1270-s2,segment_watch,2007-09-01T17:31:12.619387+00:00,3057.5,16.0,7711,2,3,web,,
2160230,131896,1270,Back to the Future (1985),Adventure,u131896-m1270-s2,segment_watch,2007-09-01T17:33:50.406485+00:00,3242.7,18.0,7711,2,3,web,,
2160231,131896,1270,Back to the Future (1985),Adventure,u131896-m1270-s2,segment_watch,2007-09-01T17:37:58.418118+00:00,3597.9,19.0,7711,2,3,web,,
2160232,131896,1270,Back to the Future (1985),Adventure,u131896-m1270-s2,pause,2007-09-01T17:40:46.948258+00:00,3597.9,19.0,7711,2,3,web,,
2160233,131896,1270,Back to the Future (1985),Adventure,u131896-m1270-s2,segment_watch,2007-09-01T17:43:43.209128+00:00,3760.5,20.0,7711,2,3,web,,
2160234,131896,1270,Back to the Future (1985),Adventure,u131896-m1270-s2,segment_watch,2007-09-01T17:46:18.765563+00:00,3928.3,21.0,7711,2,3,web,,
2160235,131896,1270,Back to the Future (1985),Adventure,u131896-m1270-s2,pause,2007-09-01T17:47:29.247281+00:00,3928.3,21.0,7711,2,3,web,,
2160236,131896,1270,Back to the Future (1985),Adventure,u131896-m1270-s2,segment_watch,2007-09-01T17:48:31.633804+00:00,4125.2,22.0,7711,2,3,web,,
2160237,131896,1270,Back to the Future (1985),Adventure,u131896-m1270-s2,segment_watch,2007-09-01T17:51:47.116608+00:00,4289.4,23.0,7711,2,3,web,,
2160238,131896,1270,Back to the Future (1985),Adventure,u131896-m1270-s2,segment_watch,2007-09-01T17:57:01.916806+00:00,4456.0,24.0,7711,2,3,web,,
2160239,131896,1270,Back to the Future (1985),Adventure,u131896-m1270-s2,segment_watch,2007-09-01T17:58:59.232635+00:00,4636.6,25.0,7711,2,3,web,,
2160240,131896,1270,Back to the Future (1985),Adventure,u131896-m1270-s2,segment_watch,2007-09-01T18:01:42.617145+00:00,4806.2,26.0,7711,2,3,web,,
2160241,131896,1270,Back to the Future (1985),Adventure,u131896-m1270-s2,pause,2007-09-01T18:04:30.327315+00:00,4806.2,26.0,7711,2,3,web,,
2160242,131896,1270,Back to the Future (1985),Adventure,u131896-m1270-s2,segment_watch,2007-09-01T18:07:02.467446+00:00,4983.8,27.0,7711,2,3,web,,
2160243,131896,1270,Back to the Future (1985),Adventure,u131896-m1270-s2,segment_watch,2007-09-01T18:09:42.036144+00:00,5159.4,28.0,7711,2,3,web,,
2160244,131896,1270,Back to the Future (1985),Adventure,u131896-m1270-s2,segment_watch,2007-09-01T18:12:06.798491+00:00,5325.0,29.0,7711,2,3,web,,
2160245,131896,1270,Back to the Future (1985),Adventure,u131896-m1270-s2,segment_watch,2007-09-01T18:14:18.749244+00:00,5505.5,30.0,7711,2,3,web,,
2160246,131896,1270,Back to the Future (1985),Adventure,u131896-m1270-s2,segment_watch,2007-09-01T18:16:21.945196+00:00,5687.5,31.0,7711,2,3,web,,
2160247,131896,1270,Back to the Future (1985),Adventure,u131896-m1270-s2,segment_watch,2007-09-01T18:18:27.197539+00:00,5874.9,32.0,7711,2,3,web,,
2160248,131896,1270,Back to the Future (1985),Adventure,u131896-m1270-s2,seek_backward,2007-09-01T18:18:55.170573+00:00,6430.4,35.0,7711,2,3,web,,
2160249,131896,1270,Back to the Future (1985),Adventure,u131896-m1270-s2,seek_backward,2007-09-01T18:19:17.176484+00:00,6254.1,34.0,7711,2,3,web,,
2160250,131896,1270,Back to the Future (1985),Adventure,u131896-m1270-s2,segment_watch,2007-09-01T18:20:56.625244+00:00,6426.9,35.0,7711,2,3,web,,
2160251,131896,1270,Back to the Future (1985),Adventure,u131896-m1270-s2,pause,2007-09-01T18:22:26.935272+00:00,6426.9,35.0,7711,2,3,web,,
2160252,131896,1270,Back to the Future (1985),Adventure,u131896-m1270-s2,segment_watch,2007-09-01T18:24:32.137326+00:00,6621.4,36.0,7711,2,3,web,,
2160253,131896,1270,Back to the Future (1985),Adventure,u131896-m1270-s2,segment_watch,2007-09-01T18:26:59.403535+00:00,6806.7,37.0,7711,2,3,web,,
2160254,131896,1270,Back to the Future (1985),Adventure,u131896-m1270-s2,segment_watch,2007-09-01T18:29:48.500753+00:00,7000.1,38.0,7711,2,3,web,,
2160255,131896,1270,Back to the Future (1985),Adventure,u131896-m1270-s2,pause,2007-09-01T18:30:51.729481+00:00,7000.1,38.0,7711,2,3,web,,
2160256,131896,1270,Back to the Future (1985),Adventure,u131896-m1270-s2,segment_watch,2007-09-01T18:33:06.191271+00:00,7185.2,39.0,7711,2,3,web,,
2160257,131896,1270,Back to the Future (1985),Adventure,u131896-m1270-s2,pause,2007-09-01T18:33:47.818600+00:00,7185.2,39.0,7711,2,3,web,,
2160258,131896,1270,Back to the Future (1985),Adventure,u131896-m1270-s2,segment_watch,2007-09-01T18:36:22.746811+00:00,7376.6,40.0,7711,2,3,web,,
2160259,131896,1270,Back to the Future (1985),Adventure,u131896-m1270-s2,segment_watch,2007-09-01T18:38:31.027726+00:00,7542.7,41.0,7711,2,3,web,,
2160260,131896,1270,Back to the Future (1985),Adventure,u131896-m1270-s2,segment_watch,2007-09-01T18:41:15.845628+00:00,7712.3,42.0,7711,2,3,web,,
2160261,131896,1270,Back to the Future (1985),Adventure,u131896-m1270-s2,session_end,2007-09-01T18:41:28.318469+00:00,7711.0,42.0,7711,2,3,web,,
2948779,15050,2411,Rocky IV (1985),Action,u15050-m2411-s2,session_start,2009-07-16T22:49:58.092778+00:00,0.0,,6468,2,2,smart_tv,,
2948780,15050,2411,Rocky IV (1985),Action,u15050-m2411-s2,segment_watch,2009-07-16T22:51:47.749030+00:00,192.8,1.0,6468,2,2,smart_tv,,
2948781,15050,2411,Rocky IV (1985),Action,u15050-m2411-s2,segment_watch,2009-07-16T22:56:03.159613+00:00,523.9,2.0,6468,2,2,smart_tv,,
2948782,15050,2411,Rocky IV (1985),Action,u15050-m2411-s2,segment_watch,2009-07-16T22:57:10.850317+00:00,696.5,3.0,6468,2,2,smart_tv,,
2948783,15050,2411,Rocky IV (1985),Action,u15050-m2411-s2,segment_watch,2009-07-16T23:01:08.291108+00:00,887.9,4.0,6468,2,2,smart_tv,,
2948784,15050,2411,Rocky IV (1985),Action,u15050-m2411-s2,pause,2009-07-16T23:06:50.926977+00:00,887.9,4.0,6468,2,2,smart_tv,,
2948785,15050,2411,Rocky IV (1985),Action,u15050-m2411-s2,seek_forward,2009-07-16T23:07:03.103325+00:00,1118.0,6.0,6468,2,2,smart_tv,,
2948786,15050,2411,Rocky IV (1985),Action,u15050-m2411-s2,segment_watch,2009-07-16T23:08:57.566633+00:00,1309.7,7.0,6468,2,2,smart_tv,,
2948787,15050,2411,Rocky IV (1985),Action,u15050-m2411-s2,segment_watch,2009-07-16T23:10:41.123484+00:00,1495.1,8.0,6468,2,2,smart_tv,,
2948788,15050,2411,Rocky IV (1985),Action,u15050-m2411-s2,pause,2009-07-16T23:12:13.522282+00:00,1495.1,8.0,6468,2,2,smart_tv,,
2948789,15050,2411,Rocky IV (1985),Action,u15050-m2411-s2,segment_watch,2009-07-16T23:14:01.961691+00:00,1659.9,9.0,6468,2,2,smart_tv,,
2948790,15050,2411,Rocky IV (1985),Action,u15050-m2411-s2,segment_watch,2009-07-16T23:15:09.323618+00:00,1843.0,10.0,6468,2,2,smart_tv,,
2948791,15050,2411,Rocky IV (1985),Action,u15050-m2411-s2,seek_forward,2009-07-16T23:16:12.634841+00:00,2526.8,14.0,6468,2,2,smart_tv,,
2948792,15050,2411,Rocky IV (1985),Action,u15050-m2411-s2,pause,2009-07-16T23:21:00.436838+00:00,2526.8,14.0,6468,2,2,smart_tv,,
2948793,15050,2411,Rocky IV (1985),Action,u15050-m2411-s2,segment_watch,2009-07-16T23:21:58.465125+00:00,2705.8,15.0,6468,2,2,smart_tv,,
2948794,15050,2411,Rocky IV (1985),Action,u15050-m2411-s2,pause,2009-07-16T23:24:25.528658+00:00,2705.8,15.0,6468,2,2,smart_tv,,
2948795,15050,2411,Rocky IV (1985),Action,u15050-m2411-s2,pause,2009-07-16T23:29:31.835949+00:00,2874.5,15.0,6468,2,2,smart_tv,,
2948796,15050,2411,Rocky IV (1985),Action,u15050-m2411-s2,segment_watch,2009-07-16T23:31:36.553526+00:00,3067.2,17.0,6468,2,2,smart_tv,,
2948797,15050,2411,Rocky IV (1985),Action,u15050-m2411-s2,segment_watch,2009-07-16T23:36:41.892174+00:00,3410.3,18.0,6468,2,2,smart_tv,,
2948798,15050,2411,Rocky IV (1985),Action,u15050-m2411-s2,pause,2009-07-16T23:37:28.757640+00:00,3410.3,18.0,6468,2,2,smart_tv,,
2948799,15050,2411,Rocky IV (1985),Action,u15050-m2411-s2,segment_watch,2009-07-16T23:39:22.864015+00:00,3594.0,19.0,6468,2,2,smart_tv,,
2948800,15050,2411,Rocky IV (1985),Action,u15050-m2411-s2,segment_watch,2009-07-16T23:42:18.206929+00:00,3780.3,21.0,6468,2,2,smart_tv,,
2948801,15050,2411,Rocky IV (1985),Action,u15050-m2411-s2,seek_forward,2009-07-16T23:42:36.714217+00:00,4483.9,24.0,6468,2,2,smart_tv,,
2948802,15050,2411,Rocky IV (1985),Action,u15050-m2411-s2,segment_watch,2009-07-16T23:45:44.890031+00:00,4652.5,25.0,6468,2,2,smart_tv,,
2948803,15050,2411,Rocky IV (1985),Action,u15050-m2411-s2,pause,2009-07-16T23:46:28.244944+00:00,4652.5,25.0,6468,2,2,smart_tv,,
2948804,15050,2411,Rocky IV (1985),Action,u15050-m2411-s2,segment_watch,2009-07-16T23:47:51.138166+00:00,4827.3,26.0,6468,2,2,smart_tv,,
2948805,15050,2411,Rocky IV (1985),Action,u15050-m2411-s2,segment_watch,2009-07-16T23:48:53.960439+00:00,4998.3,27.0,6468,2,2,smart_tv,,
2948806,15050,2411,Rocky IV (1985),Action,u15050-m2411-s2,pause,2009-07-16T23:49:41.717601+00:00,4998.3,27.0,6468,2,2,smart_tv,,
2948807,15050,2411,Rocky IV (1985),Action,u15050-m2411-s2,segment_watch,2009-07-16T23:52:27.421036+00:00,5177.7,28.0,6468,2,2,smart_tv,,
2948808,15050,2411,Rocky IV (1985),Action,u15050-m2411-s2,segment_watch,2009-07-16T23:54:28.221167+00:00,5368.8,29.0,6468,2,2,smart_tv,,
2948809,15050,2411,Rocky IV (1985),Action,u15050-m2411-s2,pause,2009-07-16T23:57:26.785016+00:00,5368.8,29.0,6468,2,2,smart_tv,,
2948810,15050,2411,Rocky IV (1985),Action,u15050-m2411-s2,pause,2009-07-16T23:57:50.471387+00:00,5368.8,29.0,6468,2,2,smart_tv,,
2948811,15050,2411,Rocky IV (1985),Action,u15050-m2411-s2,segment_watch,2009-07-17T00:00:33.214614+00:00,5545.2,30.0,6468,2,2,smart_tv,,
2948812,15050,2411,Rocky IV (1985),Action,u15050-m2411-s2,seek_forward,2009-07-17T00:00:54.052395+00:00,5831.2,32.0,6468,2,2,smart_tv,,
2948813,15050,2411,Rocky IV (1985),Action,u15050-m2411-s2,pause,2009-07-17T00:01:43.391786+00:00,5831.2,32.0,6468,2,2,smart_tv,,
2948814,15050,2411,Rocky IV (1985),Action,u15050-m2411-s2,seek_forward,2009-07-17T00:01:48.142086+00:00,6416.6,35.0,6468,2,2,smart_tv,,
2948815,15050,2411,Rocky IV (1985),Action,u15050-m2411-s2,session_end,2009-07-17T00:02:37.709983+00:00,6416.6,35.0,6468,2,2,smart_tv,,
3509697,115833,592,Batman (1989),Action,u115833-m592-s2,session_start,2010-12-20T15:17:56.406605+00:00,0.0,,6517,2,2,web,,
3509698,115833,592,Batman (1989),Action,u115833-m592-s2,segment_watch,2010-12-20T15:19:21.027819+00:00,186.7,1.0,6517,2,2,web,,
3509699,115833,592,Batman (1989),Action,u115833-m592-s2,segment_watch,2010-12-20T15:21:21.671165+00:00,377.6,2.0,6517,2,2,web,,
3509700,115833,592,Batman (1989),Action,u115833-m592-s2,segment_watch,2010-12-20T15:23:24.559771+00:00,554.1,3.0,6517,2,2,web,,
3509701,115833,592,Batman (1989),Action,u115833-m592-s2,segment_watch,2010-12-20T15:26:29.294449+00:00,739.6,4.0,6517,2,2,web,,
3509702,115833,592,Batman (1989),Action,u115833-m592-s2,segment_watch,2010-12-20T15:27:28.160019+00:00,931.0,5.0,6517,2,2,web,,
3509703,115833,592,Batman (1989),Action,u115833-m592-s2,pause,2010-12-20T15:28:42.840371+00:00,931.0,5.0,6517,2,2,web,,
3509704,115833,592,Batman (1989),Action,u115833-m592-s2,pause,2010-12-20T15:31:48.953341+00:00,931.0,5.0,6517,2,2,web,,
3509705,115833,592,Batman (1989),Action,u115833-m592-s2,segment_watch,2010-12-20T15:34:51.004631+00:00,1120.1,6.0,6517,2,2,web,,
3509706,115833,592,Batman (1989),Action,u115833-m592-s2,segment_watch,2010-12-20T15:39:47.353335+00:00,1308.4,7.0,6517,2,2,web,,
3509707,115833,592,Batman (1989),Action,u115833-m592-s2,segment_watch,2010-12-20T15:41:35.876127+00:00,1490.7,8.0,6517,2,2,web,,
3509708,115833,592,Batman (1989),Action,u115833-m592-s2,seek_forward,2010-12-20T15:41:47.216047+00:00,1890.1,10.0,6517,2,2,web,,
3509709,115833,592,Batman (1989),Action,u115833-m592-s2,pause,2010-12-20T15:41:59.227120+00:00,1890.1,10.0,6517,2,2,web,,
3509710,115833,592,Batman (1989),Action,u115833-m592-s2,segment_watch,2010-12-20T15:43:53.251620+00:00,2056.4,11.0,6517,2,2,web,,
3509711,115833,592,Batman (1989),Action,u115833-m592-s2,segment_watch,2010-12-20T15:47:53.573277+00:00,2238.7,12.0,6517,2,2,web,,
3509712,115833,592,Batman (1989),Action,u115833-m592-s2,pause,2010-12-20T15:48:30.342002+00:00,2238.7,12.0,6517,2,2,web,,
3509713,115833,592,Batman (1989),Action,u115833-m592-s2,segment_watch,2010-12-20T15:50:28.057311+00:00,2403.2,13.0,6517,2,2,web,,
3509714,115833,592,Batman (1989),Action,u115833-m592-s2,pause,2010-12-20T15:51:28.226650+00:00,2403.2,13.0,6517,2,2,web,,
3509715,115833,592,Batman (1989),Action,u115833-m592-s2,segment_watch,2010-12-20T15:53:00.036482+00:00,2568.6,14.0,6517,2,2,web,,
3509716,115833,592,Batman (1989),Action,u115833-m592-s2,pause,2010-12-20T15:53:31.377349+00:00,2568.6,14.0,6517,2,2,web,,
3509717,115833,592,Batman (1989),Action,u115833-m592-s2,segment_watch,2010-12-20T15:55:45.647287+00:00,2746.0,15.0,6517,2,2,web,,
3509718,115833,592,Batman (1989),Action,u115833-m592-s2,segment_watch,2010-12-20T15:58:24.604377+00:00,2938.2,16.0,6517,2,2,web,,
3509719,115833,592,Batman (1989),Action,u115833-m592-s2,segment_watch,2010-12-20T16:00:12.968716+00:00,3107.4,17.0,6517,2,2,web,,
3509720,115833,592,Batman (1989),Action,u115833-m592-s2,pause,2010-12-20T16:00:59.672040+00:00,3107.4,17.0,6517,2,2,web,,
3509721,115833,592,Batman (1989),Action,u115833-m592-s2,pause,2010-12-20T16:01:14.868938+00:00,3107.4,17.0,6517,2,2,web,,
3509722,115833,592,Batman (1989),Action,u115833-m592-s2,segment_watch,2010-12-20T16:03:13.494993+00:00,3283.3,18.0,6517,2,2,web,,
3509723,115833,592,Batman (1989),Action,u115833-m592-s2,segment_watch,2010-12-20T16:05:43.848233+00:00,3467.4,19.0,6517,2,2,web,,
3509724,115833,592,Batman (1989),Action,u115833-m592-s2,pause,2010-12-20T16:06:50.762485+00:00,3467.4,19.0,6517,2,2,web,,
3509725,115833,592,Batman (1989),Action,u115833-m592-s2,pause,2010-12-20T16:07:02.011436+00:00,3467.4,19.0,6517,2,2,web,,
3509726,115833,592,Batman (1989),Action,u115833-m592-s2,pause,2010-12-20T16:11:37.024010+00:00,3467.4,19.0,6517,2,2,web,,
3509727,115833,592,Batman (1989),Action,u115833-m592-s2,segment_watch,2010-12-20T16:15:22.082818+00:00,3637.5,20.0,6517,2,2,web,,
3509728,115833,592,Batman (1989),Action,u115833-m592-s2,seek_forward,2010-12-20T16:15:53.030209+00:00,3965.7,22.0,6517,2,2,web,,
3509729,115833,592,Batman (1989),Action,u115833-m592-s2,segment_watch,2010-12-20T16:18:52.737223+00:00,4137.9,22.0,6517,2,2,web,,
3509730,115833,592,Batman (1989),Action,u115833-m592-s2,pause,2010-12-20T16:20:13.327346+00:00,4137.9,22.0,6517,2,2,web,,
3509731,115833,592,Batman (1989),Action,u115833-m592-s2,segment_watch,2010-12-20T16:21:55.088170+00:00,4333.9,24.0,6517,2,2,web,,
3509732,115833,592,Batman (1989),Action,u115833-m592-s2,pause,2010-12-20T16:23:29.096537+00:00,4333.9,24.0,6517,2,2,web,,
3509733,115833,592,Batman (1989),Action,u115833-m592-s2,segment_watch,2010-12-20T16:25:28.512462+00:00,4528.6,25.0,6517,2,2,web,,
3509734,115833,592,Batman (1989),Action,u115833-m592-s2,seek_forward,2010-12-20T16:25:43.956072+00:00,5144.7,28.0,6517,2,2,web,,
3509735,115833,592,Batman (1989),Action,u115833-m592-s2,segment_watch,2010-12-20T16:27:00.902810+00:00,5325.0,29.0,6517,2,2,web,,
3509736,115833,592,Batman (1989),Action,u115833-m592-s2,pause,2010-12-20T16:27:25.038480+00:00,5325.0,29.0,6517,2,2,web,,
3509737,115833,592,Batman (1989),Action,u115833-m592-s2,segment_watch,2010-12-20T16:29:23.570382+00:00,5496.5,30.0,6517,2,2,web,,
3509738,115833,592,Batman (1989),Action,u115833-m592-s2,segment_watch,2010-12-20T16:31:41.009988+00:00,5672.9,31.0,6517,2,2,web,,
3509739,115833,592,Batman (1989),Action,u115833-m592-s2,segment_watch,2010-12-20T16:33:31.260739+00:00,5868.0,32.0,6517,2,2,web,,
3509740,115833,592,Batman (1989),Action,u115833-m592-s2,segment_watch,2010-12-20T16:36:03.730903+00:00,6046.0,33.0,6517,2,2,web,,
3509741,115833,592,Batman (1989),Action,u115833-m592-s2,seek_forward,2010-12-20T16:36:13.563247+00:00,6433.1,35.0,6517,2,2,web,,
3509742,115833,592,Batman (1989),Action,u115833-m592-s2,session_end,2010-12-20T16:36:44.763357+00:00,6433.1,35.0,6517,2,2,web,,
4527217,132049,1258,"Shining, The (1980)",Horror,u132049-m1258-s2,session_start,2012-04-26T02:10:25.137681+00:00,0.0,,7788,2,3,mobile,,
4527218,132049,1258,"Shining, The (1980)",Horror,u132049-m1258-s2,pause,2012-04-26T02:11:19.531279+00:00,0.0,0.0,7788,2,3,mobile,,
4527219,132049,1258,"Shining, The (1980)",Horror,u132049-m1258-s2,segment_watch,2012-04-26T02:13:42.208512+00:00,191.3,1.0,7788,2,3,mobile,,
4527220,132049,1258,"Shining, The (1980)",Horror,u132049-m1258-s2,segment_watch,2012-04-26T02:16:48.957881+00:00,519.8,2.0,7788,2,3,mobile,,
4527221,132049,1258,"Shining, The (1980)",Horror,u132049-m1258-s2,segment_watch,2012-04-26T02:22:40.037968+00:00,712.3,3.0,7788,2,3,mobile,,
4527222,132049,1258,"Shining, The (1980)",Horror,u132049-m1258-s2,segment_watch,2012-04-26T02:26:22.285578+00:00,903.4,5.0,7788,2,3,mobile,,
4527223,132049,1258,"Shining, The (1980)",Horror,u132049-m1258-s2,segment_watch,2012-04-26T02:28:21.332254+00:00,1090.1,6.0,7788,2,3,mobile,,
4527224,132049,1258,"Shining, The (1980)",Horror,u132049-m1258-s2,segment_watch,2012-04-26T02:35:09.382424+00:00,1424.8,7.0,7788,2,3,mobile,,
4527225,132049,1258,"Shining, The (1980)",Horror,u132049-m1258-s2,pause,2012-04-26T02:36:49.653091+00:00,1424.8,7.0,7788,2,3,mobile,,
4527226,132049,1258,"Shining, The (1980)",Horror,u132049-m1258-s2,segment_watch,2012-04-26T02:39:23.779603+00:00,1591.9,8.0,7788,2,3,mobile,,
4527227,132049,1258,"Shining, The (1980)",Horror,u132049-m1258-s2,segment_watch,2012-04-26T02:41:18.221179+00:00,1780.6,9.0,7788,2,3,mobile,,
4527228,132049,1258,"Shining, The (1980)",Horror,u132049-m1258-s2,pause,2012-04-26T02:43:20.876304+00:00,1780.6,9.0,7788,2,3,mobile,,
4527229,132049,1258,"Shining, The (1980)",Horror,u132049-m1258-s2,segment_watch,2012-04-26T02:46:19.597582+00:00,1970.3,10.0,7788,2,3,mobile,,
4527230,132049,1258,"Shining, The (1980)",Horror,u132049-m1258-s2,segment_watch,2012-04-26T02:49:45.398745+00:00,2160.2,12.0,7788,2,3,mobile,,
4527231,132049,1258,"Shining, The (1980)",Horror,u132049-m1258-s2,pause,2012-04-26T02:50:13.821719+00:00,2160.2,12.0,7788,2,3,mobile,,
4527232,132049,1258,"Shining, The (1980)",Horror,u132049-m1258-s2,segment_watch,2012-04-26T02:56:13.272509+00:00,2527.4,14.0,7788,2,3,mobile,,
4527233,132049,1258,"Shining, The (1980)",Horror,u132049-m1258-s2,pause,2012-04-26T02:56:37.120109+00:00,2527.4,14.0,7788,2,3,mobile,,
4527234,132049,1258,"Shining, The (1980)",Horror,u132049-m1258-s2,pause,2012-04-26T02:59:35.492183+00:00,2527.4,14.0,7788,2,3,mobile,,
4527235,132049,1258,"Shining, The (1980)",Horror,u132049-m1258-s2,segment_watch,2012-04-26T03:01:41.337847+00:00,2701.8,15.0,7788,2,3,mobile,,
4527236,132049,1258,"Shining, The (1980)",Horror,u132049-m1258-s2,segment_watch,2012-04-26T03:04:00.736131+00:00,2880.3,16.0,7788,2,3,mobile,,
4527237,132049,1258,"Shining, The (1980)",Horror,u132049-m1258-s2,pause,2012-04-26T03:07:40.250895+00:00,2880.3,16.0,7788,2,3,mobile,,
4527238,132049,1258,"Shining, The (1980)",Horror,u132049-m1258-s2,segment_watch,2012-04-26T03:11:59.102296+00:00,3237.2,17.0,7788,2,3,mobile,,
4527239,132049,1258,"Shining, The (1980)",Horror,u132049-m1258-s2,seek_forward,2012-04-26T03:12:15.015801+00:00,3524.7,19.0,7788,2,3,mobile,,
4527240,132049,1258,"Shining, The (1980)",Horror,u132049-m1258-s2,segment_watch,2012-04-26T03:14:14.393896+00:00,3714.6,20.0,7788,2,3,mobile,,
4527241,132049,1258,"Shining, The (1980)",Horror,u132049-m1258-s2,segment_watch,2012-04-26T03:16:36.113735+00:00,3886.0,21.0,7788,2,3,mobile,,
4527242,132049,1258,"Shining, The (1980)",Horror,u132049-m1258-s2,segment_watch,2012-04-26T03:21:01.038753+00:00,4061.2,22.0,7788,2,3,mobile,,
4527243,132049,1258,"Shining, The (1980)",Horror,u132049-m1258-s2,pause,2012-04-26T03:21:27.849630+00:00,4061.2,22.0,7788,2,3,mobile,,
4527244,132049,1258,"Shining, The (1980)",Horror,u132049-m1258-s2,segment_watch,2012-04-26T03:23:33.079702+00:00,4231.5,23.0,7788,2,3,mobile,,
4527245,132049,1258,"Shining, The (1980)",Horror,u132049-m1258-s2,segment_watch,2012-04-26T03:25:16.436120+00:00,4408.3,24.0,7788,2,3,mobile,,
4527246,132049,1258,"Shining, The (1980)",Horror,u132049-m1258-s2,segment_watch,2012-04-26T03:27:43.266652+00:00,4597.2,25.0,7788,2,3,mobile,,
4527247,132049,1258,"Shining, The (1980)",Horror,u132049-m1258-s2,segment_watch,2012-04-26T03:30:40.842593+00:00,4784.3,26.0,7788,2,3,mobile,,
4527248,132049,1258,"Shining, The (1980)",Horror,u132049-m1258-s2,segment_watch,2012-04-26T03:33:28.956048+00:00,4971.8,27.0,7788,2,3,mobile,,
4527249,132049,1258,"Shining, The (1980)",Horror,u132049-m1258-s2,segment_watch,2012-04-26T03:35:11.921298+00:00,5167.4,28.0,7788,2,3,mobile,,
4527250,132049,1258,"Shining, The (1980)",Horror,u132049-m1258-s2,segment_watch,2012-04-26T03:36:51.294089+00:00,5365.2,29.0,7788,2,3,mobile,,
4527251,132049,1258,"Shining, The (1980)",Horror,u132049-m1258-s2,segment_watch,2012-04-26T03:39:33.872466+00:00,5550.6,30.0,7788,2,3,mobile,,
4527252,132049,1258,"Shining, The (1980)",Horror,u132049-m1258-s2,segment_watch,2012-04-26T03:41:58.168624+00:00,5742.3,31.0,7788,2,3,mobile,,
4527253,132049,1258,"Shining, The (1980)",Horror,u132049-m1258-s2,segment_watch,2012-04-26T03:44:59.766516+00:00,5926.2,32.0,7788,2,3,mobile,,
4527254,132049,1258,"Shining, The (1980)",Horror,u132049-m1258-s2,segment_watch,2012-04-26T03:46:07.483192+00:00,6118.9,33.0,7788,2,3,mobile,,
4527255,132049,1258,"Shining, The (1980)",Horror,u132049-m1258-s2,segment_watch,2012-04-26T03:49:22.954189+00:00,6308.2,35.0,7788,2,3,mobile,,
4527256,132049,1258,"Shining, The (1980)",Horror,u132049-m1258-s2,pause,2012-04-26T03:52:17.649469+00:00,6474.3,35.0,7788,2,3,mobile,,
4527257,132049,1258,"Shining, The (1980)",Horror,u132049-m1258-s2,pause,2012-04-26T03:56:37.259937+00:00,6474.3,35.0,7788,2,3,mobile,,
4527258,132049,1258,"Shining, The (1980)",Horror,u132049-m1258-s2,segment_watch,2012-04-26T03:58:25.926525+00:00,6658.8,36.0,7788,2,3,mobile,,
4527259,132049,1258,"Shining, The (1980)",Horror,u132049-m1258-s2,segment_watch,2012-04-26T04:00:25.080031+00:00,6827.3,37.0,7788,2,3,mobile,,
4527260,132049,1258,"Shining, The (1980)",Horror,u132049-m1258-s2,segment_watch,2012-04-26T04:03:05.559342+00:00,7002.6,38.0,7788,2,3,mobile,,
4527261,132049,1258,"Shining, The (1980)",Horror,u132049-m1258-s2,segment_watch,2012-04-26T04:05:42.595736+00:00,7193.8,39.0,7788,2,3,mobile,,
4527262,132049,1258,"Shining, The (1980)",Horror,u132049-m1258-s2,pause,2012-04-26T04:06:08.122274+00:00,7193.8,39.0,7788,2,3,mobile,,
4527263,132049,1258,"Shining, The (1980)",Horror,u132049-m1258-s2,pause,2012-04-26T04:07:13.645053+00:00,7193.8,39.0,7788,2,3,mobile,,
4527264,132049,1258,"Shining, The (1980)",Horror,u132049-m1258-s2,segment_watch,2012-04-26T04:10:03.292529+00:00,7365.3,40.0,7788,2,3,mobile,,
4527265,132049,1258,"Shining, The (1980)",Horror,u132049-m1258-s2,segment_watch,2012-04-26T04:12:36.269530+00:00,7546.5,41.0,7788,2,3,mobile,,
4527266,132049,1258,"Shining, The (1980)",Horror,u132049-m1258-s2,segment_watch,2012-04-26T04:13:38.384798+00:00,7741.7,43.0,7788,2,3,mobile,,
4527267,132049,1258,"Shining, The (1980)",Horror,u132049-m1258-s2,session_end,2012-04-26T04:14:25.459826+00:00,7741.7,43.0,7788,2,3,mobile,,
3146876,64934,296,Pulp Fiction (1994),Comedy,u64934-m296-s1,session_start,2013-07-06T18:32:04.698076+00:00,0.0,,5448,1,1,mobile,,
3146877,64934,296,Pulp Fiction (1994),Comedy,u64934-m296-s1,pause,2013-07-06T18:32:40.154668+00:00,0.0,0.0,5448,1,1,mobile,,
3146878,64934,296,Pulp Fiction (1994),Comedy,u64934-m296-s1,segment_watch,2013-07-06T18:35:25.540740+00:00,178.9,0.0,5448,1,1,mobile,,
3146879,64934,296,Pulp Fiction (1994),Comedy,u64934-m296-s1,segment_watch,2013-07-06T18:36:29.553247+00:00,367.0,2.0,5448,1,1,mobile,,
3146880,64934,296,Pulp Fiction (1994),Comedy,u64934-m296-s1,segment_watch,2013-07-06T18:38:36.250270+00:00,548.6,3.0,5448,1,1,mobile,,
3146881,64934,296,Pulp Fiction (1994),Comedy,u64934-m296-s1,seek_forward,2013-07-06T18:39:32.825488+00:00,767.2,4.0,5448,1,1,mobile,,
3146882,64934,296,Pulp Fiction (1994),Comedy,u64934-m296-s1,pause,2013-07-06T18:41:14.267256+00:00,767.2,4.0,5448,1,1,mobile,,
3146883,64934,296,Pulp Fiction (1994),Comedy,u64934-m296-s1,seek_forward,2013-07-06T18:41:37.480997+00:00,1298.4,7.0,5448,1,1,mobile,,
3146884,64934,296,Pulp Fiction (1994),Comedy,u64934-m296-s1,segment_watch,2013-07-06T18:44:04.831205+00:00,1469.8,8.0,5448,1,1,mobile,,
3146885,64934,296,Pulp Fiction (1994),Comedy,u64934-m296-s1,segment_watch,2013-07-06T18:45:51.853397+00:00,1658.6,9.0,5448,1,1,mobile,,
3146886,64934,296,Pulp Fiction (1994),Comedy,u64934-m296-s1,segment_watch,2013-07-06T18:48:26.828442+00:00,1847.3,10.0,5448,1,1,mobile,,
3146887,64934,296,Pulp Fiction (1994),Comedy,u64934-m296-s1,segment_watch,2013-07-06T18:51:59.465482+00:00,2028.0,11.0,5448,1,1,mobile,,
3146888,64934,296,Pulp Fiction (1994),Comedy,u64934-m296-s1,seek_forward,2013-07-06T18:53:10.706470+00:00,2728.0,15.0,5448,1,1,mobile,,
3146889,64934,296,Pulp Fiction (1994),Comedy,u64934-m296-s1,segment_watch,2013-07-06T18:55:48.042304+00:00,2919.9,16.0,5448,1,1,mobile,,
3146890,64934,296,Pulp Fiction (1994),Comedy,u64934-m296-s1,segment_watch,2013-07-06T18:57:19.337305+00:00,3105.2,17.0,5448,1,1,mobile,,
3146891,64934,296,Pulp Fiction (1994),Comedy,u64934-m296-s1,seek_forward,2013-07-06T18:58:18.337494+00:00,3683.4,20.0,5448,1,1,mobile,,
3146892,64934,296,Pulp Fiction (1994),Comedy,u64934-m296-s1,seek_forward,2013-07-06T18:58:40.901213+00:00,4185.7,23.0,5448,1,1,mobile,,
3146893,64934,296,Pulp Fiction (1994),Comedy,u64934-m296-s1,segment_watch,2013-07-06T19:00:44.609473+00:00,4349.5,24.0,5448,1,1,mobile,,
3146894,64934,296,Pulp Fiction (1994),Comedy,u64934-m296-s1,segment_watch,2013-07-06T19:02:09.123607+00:00,4519.1,25.0,5448,1,1,mobile,,
3146895,64934,296,Pulp Fiction (1994),Comedy,u64934-m296-s1,drop_off,2013-07-06T19:03:47.788635+00:00,4204.4,23.0,5448,1,1,mobile,,
3146896,64934,296,Pulp Fiction (1994),Comedy,u64934-m296-s1,rating_given,2013-07-06T19:21:41.959475+00:00,,,5448,1,1,smart_tv,,4.0
2454939,160290,26492,Twilight Zone: The Movie (1983),Fantasy,u160290-m26492-s1,session_start,2013-07-19T03:11:51.319120+00:00,0.0,,6442,1,1,mobile,,
2454940,160290,26492,Twilight Zone: The Movie (1983),Fantasy,u160290-m26492-s1,seek_forward,2013-07-19T03:12:47.008309+00:00,204.1,1.0,6442,1,1,mobile,,
2454941,160290,26492,Twilight Zone: The Movie (1983),Fantasy,u160290-m26492-s1,pause,2013-07-19T03:15:33.132219+00:00,204.1,1.0,6442,1,1,mobile,,
2454942,160290,26492,Twilight Zone: The Movie (1983),Fantasy,u160290-m26492-s1,pause,2013-07-19T03:17:59.619584+00:00,204.1,1.0,6442,1,1,mobile,,
2454943,160290,26492,Twilight Zone: The Movie (1983),Fantasy,u160290-m26492-s1,segment_watch,2013-07-19T03:20:14.686845+00:00,401.0,2.0,6442,1,1,mobile,,
2454944,160290,26492,Twilight Zone: The Movie (1983),Fantasy,u160290-m26492-s1,segment_watch,2013-07-19T03:22:32.551920+00:00,592.3,3.0,6442,1,1,mobile,,
2454945,160290,26492,Twilight Zone: The Movie (1983),Fantasy,u160290-m26492-s1,segment_watch,2013-07-19T03:25:37.300784+00:00,756.5,4.0,6442,1,1,mobile,,
2454946,160290,26492,Twilight Zone: The Movie (1983),Fantasy,u160290-m26492-s1,segment_watch,2013-07-19T03:29:23.817017+00:00,930.2,5.0,6442,1,1,mobile,,
2454947,160290,26492,Twilight Zone: The Movie (1983),Fantasy,u160290-m26492-s1,segment_watch,2013-07-19T03:32:11.549318+00:00,1109.8,6.0,6442,1,1,mobile,,
2454948,160290,26492,Twilight Zone: The Movie (1983),Fantasy,u160290-m26492-s1,segment_watch,2013-07-19T03:34:12.618866+00:00,1307.2,7.0,6442,1,1,mobile,,
2454949,160290,26492,Twilight Zone: The Movie (1983),Fantasy,u160290-m26492-s1,segment_watch,2013-07-19T03:39:23.043819+00:00,1471.8,8.0,6442,1,1,mobile,,
2454950,160290,26492,Twilight Zone: The Movie (1983),Fantasy,u160290-m26492-s1,pause,2013-07-19T03:43:45.841801+00:00,1471.8,8.0,6442,1,1,mobile,,
2454951,160290,26492,Twilight Zone: The Movie (1983),Fantasy,u160290-m26492-s1,pause,2013-07-19T03:48:47.597471+00:00,1471.8,8.0,6442,1,1,mobile,,
2454952,160290,26492,Twilight Zone: The Movie (1983),Fantasy,u160290-m26492-s1,segment_watch,2013-07-19T03:50:41.800682+00:00,1649.1,9.0,6442,1,1,mobile,,
2454953,160290,26492,Twilight Zone: The Movie (1983),Fantasy,u160290-m26492-s1,segment_watch,2013-07-19T03:53:35.738127+00:00,1820.5,10.0,6442,1,1,mobile,,
2454954,160290,26492,Twilight Zone: The Movie (1983),Fantasy,u160290-m26492-s1,pause,2013-07-19T03:54:22.310958+00:00,1820.5,10.0,6442,1,1,mobile,,
2454955,160290,26492,Twilight Zone: The Movie (1983),Fantasy,u160290-m26492-s1,pause,2013-07-19T03:58:40.655467+00:00,1820.5,10.0,6442,1,1,mobile,,
2454956,160290,26492,Twilight Zone: The Movie (1983),Fantasy,u160290-m26492-s1,pause,2013-07-19T03:59:46.345323+00:00,1820.5,10.0,6442,1,1,mobile,,
2454957,160290,26492,Twilight Zone: The Movie (1983),Fantasy,u160290-m26492-s1,segment_watch,2013-07-19T04:03:00.698894+00:00,1987.9,11.0,6442,1,1,mobile,,
2454958,160290,26492,Twilight Zone: The Movie (1983),Fantasy,u160290-m26492-s1,seek_forward,2013-07-19T04:03:34.523402+00:00,2271.9,12.0,6442,1,1,mobile,,
2454959,160290,26492,Twilight Zone: The Movie (1983),Fantasy,u160290-m26492-s1,segment_watch,2013-07-19T04:05:01.746171+00:00,2446.4,13.0,6442,1,1,mobile,,
2454960,160290,26492,Twilight Zone: The Movie (1983),Fantasy,u160290-m26492-s1,pause,2013-07-19T04:05:38.477204+00:00,2446.4,13.0,6442,1,1,mobile,,
2454961,160290,26492,Twilight Zone: The Movie (1983),Fantasy,u160290-m26492-s1,segment_watch,2013-07-19T04:07:02.684617+00:00,2630.0,14.0,6442,1,1,mobile,,
2454962,160290,26492,Twilight Zone: The Movie (1983),Fantasy,u160290-m26492-s1,seek_forward,2013-07-19T04:07:29.163805+00:00,3120.2,17.0,6442,1,1,mobile,,
2454963,160290,26492,Twilight Zone: The Movie (1983),Fantasy,u160290-m26492-s1,seek_forward,2013-07-19T04:08:33.094444+00:00,3551.8,19.0,6442,1,1,mobile,,
2454964,160290,26492,Twilight Zone: The Movie (1983),Fantasy,u160290-m26492-s1,pause,2013-07-19T04:08:53.262958+00:00,3551.8,19.0,6442,1,1,mobile,,
2454965,160290,26492,Twilight Zone: The Movie (1983),Fantasy,u160290-m26492-s1,pause,2013-07-19T04:13:12.037934+00:00,3551.8,19.0,6442,1,1,mobile,,
2454966,160290,26492,Twilight Zone: The Movie (1983),Fantasy,u160290-m26492-s1,pause,2013-07-19T04:16:34.353061+00:00,3551.8,19.0,6442,1,1,mobile,,
2454967,160290,26492,Twilight Zone: The Movie (1983),Fantasy,u160290-m26492-s1,segment_watch,2013-07-19T04:17:47.445863+00:00,3749.7,20.0,6442,1,1,mobile,,
2454968,160290,26492,Twilight Zone: The Movie (1983),Fantasy,u160290-m26492-s1,segment_watch,2013-07-19T04:20:22.306132+00:00,3921.6,21.0,6442,1,1,mobile,,
2454969,160290,26492,Twilight Zone: The Movie (1983),Fantasy,u160290-m26492-s1,segment_watch,2013-07-19T04:23:25.487234+00:00,4108.2,22.0,6442,1,1,mobile,,
2454970,160290,26492,Twilight Zone: The Movie (1983),Fantasy,u160290-m26492-s1,pause,2013-07-19T04:24:35.103347+00:00,4108.2,22.0,6442,1,1,mobile,,
2454971,160290,26492,Twilight Zone: The Movie (1983),Fantasy,u160290-m26492-s1,seek_forward,2013-07-19T04:24:50.097450+00:00,4670.5,25.0,6442,1,1,mobile,,
2454972,160290,26492,Twilight Zone: The Movie (1983),Fantasy,u160290-m26492-s1,seek_forward,2013-07-19T04:25:11.704436+00:00,5123.3,28.0,6442,1,1,mobile,,
2454973,160290,26492,Twilight Zone: The Movie (1983),Fantasy,u160290-m26492-s1,segment_watch,2013-07-19T04:27:29.889478+00:00,5318.8,29.0,6442,1,1,mobile,,
2454974,160290,26492,Twilight Zone: The Movie (1983),Fantasy,u160290-m26492-s1,segment_watch,2013-07-19T04:30:10.006686+00:00,5490.4,30.0,6442,1,1,mobile,,
2454975,160290,26492,Twilight Zone: The Movie (1983),Fantasy,u160290-m26492-s1,pause,2013-07-19T04:30:35.875417+00:00,5490.4,30.0,6442,1,1,mobile,,
2454976,160290,26492,Twilight Zone: The Movie (1983),Fantasy,u160290-m26492-s1,seek_backward,2013-07-19T04:30:47.361188+00:00,3679.3,20.0,6442,1,1,mobile,,
2454977,160290,26492,Twilight Zone: The Movie (1983),Fantasy,u160290-m26492-s1,segment_watch,2013-07-19T04:32:35.603680+00:00,3846.7,21.0,6442,1,1,mobile,,
2454978,160290,26492,Twilight Zone: The Movie (1983),Fantasy,u160290-m26492-s1,segment_watch,2013-07-19T04:34:46.016810+00:00,4027.4,22.0,6442,1,1,mobile,,
2454979,160290,26492,Twilight Zone: The Movie (1983),Fantasy,u160290-m26492-s1,seek_forward,2013-07-19T04:37:17.732923+00:00,4606.9,25.0,6442,1,1,mobile,,
2454980,160290,26492,Twilight Zone: The Movie (1983),Fantasy,u160290-m26492-s1,segment_watch,2013-07-19T04:39:21.880544+00:00,4778.4,26.0,6442,1,1,mobile,,
2454981,160290,26492,Twilight Zone: The Movie (1983),Fantasy,u160290-m26492-s1,seek_forward,2013-07-19T04:39:34.626991+00:00,5245.1,29.0,6442,1,1,mobile,,
2454982,160290,26492,Twilight Zone: The Movie (1983),Fantasy,u160290-m26492-s1,pause,2013-07-19T04:43:55.863661+00:00,5245.1,29.0,6442,1,1,mobile,,
2454983,160290,26492,Twilight Zone: The Movie (1983),Fantasy,u160290-m26492-s1,segment_watch,2013-07-19T04:46:17.003607+00:00,5416.8,30.0,6442,1,1,mobile,,
2454984,160290,26492,Twilight Zone: The Movie (1983),Fantasy,u160290-m26492-s1,segment_watch,2013-07-19T04:48:05.426243+00:00,5584.3,31.0,6442,1,1,mobile,,
2454985,160290,26492,Twilight Zone: The Movie (1983),Fantasy,u160290-m26492-s1,seek_forward,2013-07-19T04:49:11.269288+00:00,6288.8,34.0,6442,1,1,mobile,,
2454986,160290,26492,Twilight Zone: The Movie (1983),Fantasy,u160290-m26492-s1,seek_backward,2013-07-19T04:50:07.735750+00:00,3461.7,19.0,6442,1,1,mobile,,
2454987,160290,26492,Twilight Zone: The Movie (1983),Fantasy,u160290-m26492-s1,segment_watch,2013-07-19T04:51:39.255157+00:00,3624.4,20.0,6442,1,1,mobile,,
2454988,160290,26492,Twilight Zone: The Movie (1983),Fantasy,u160290-m26492-s1,segment_watch,2013-07-19T04:52:53.838478+00:00,3802.6,21.0,6442,1,1,mobile,,
2454989,160290,26492,Twilight Zone: The Movie (1983),Fantasy,u160290-m26492-s1,segment_watch,2013-07-19T04:54:53.739223+00:00,3986.6,22.0,6442,1,1,mobile,,
2454990,160290,26492,Twilight Zone: The Movie (1983),Fantasy,u160290-m26492-s1,seek_backward,2013-07-19T04:55:06.512026+00:00,3508.6,19.0,6442,1,1,mobile,,
2454991,160290,26492,Twilight Zone: The Movie (1983),Fantasy,u160290-m26492-s1,segment_watch,2013-07-19T04:57:55.046098+00:00,3677.4,20.0,6442,1,1,mobile,,
2454992,160290,26492,Twilight Zone: The Movie (1983),Fantasy,u160290-m26492-s1,segment_watch,2013-07-19T04:59:46.072892+00:00,3843.5,21.0,6442,1,1,mobile,,
2454993,160290,26492,Twilight Zone: The Movie (1983),Fantasy,u160290-m26492-s1,segment_watch,2013-07-19T05:01:07.340590+00:00,4020.8,22.0,6442,1,1,mobile,,
2454994,160290,26492,Twilight Zone: The Movie (1983),Fantasy,u160290-m26492-s1,segment_watch,2013-07-19T05:03:25.449445+00:00,4195.0,23.0,6442,1,1,mobile,,
2454995,160290,26492,Twilight Zone: The Movie (1983),Fantasy,u160290-m26492-s1,pause,2013-07-19T05:04:16.972388+00:00,4195.0,23.0,6442,1,1,mobile,,
2454996,160290,26492,Twilight Zone: The Movie (1983),Fantasy,u160290-m26492-s1,seek_forward,2013-07-19T05:04:32.117345+00:00,4850.4,26.0,6442,1,1,mobile,,
2454997,160290,26492,Twilight Zone: The Movie (1983),Fantasy,u160290-m26492-s1,seek_forward,2013-07-19T05:04:39.198398+00:00,5385.6,29.0,6442,1,1,mobile,,
2454998,160290,26492,Twilight Zone: The Movie (1983),Fantasy,u160290-m26492-s1,pause,2013-07-19T05:05:25.266021+00:00,5385.6,29.0,6442,1,1,mobile,,
2454999,160290,26492,Twilight Zone: The Movie (1983),Fantasy,u160290-m26492-s1,segment_watch,2013-07-19T05:09:49.467356+00:00,5557.7,30.0,6442,1,1,mobile,,
2455000,160290,26492,Twilight Zone: The Movie (1983),Fantasy,u160290-m26492-s1,segment_watch,2013-07-19T05:11:57.836318+00:00,5736.4,31.0,6442,1,1,mobile,,
2455001,160290,26492,Twilight Zone: The Movie (1983),Fantasy,u160290-m26492-s1,segment_watch,2013-07-19T05:13:53.237648+00:00,5917.1,32.0,6442,1,1,mobile,,
2455002,160290,26492,Twilight Zone: The Movie (1983),Fantasy,u160290-m26492-s1,pause,2013-07-19T05:16:18.683120+00:00,5917.1,32.0,6442,1,1,mobile,,
2455003,160290,26492,Twilight Zone: The Movie (1983),Fantasy,u160290-m26492-s1,segment_watch,2013-07-19T05:17:54.479316+00:00,6098.2,33.0,6442,1,1,mobile,,
2455004,160290,26492,Twilight Zone: The Movie (1983),Fantasy,u160290-m26492-s1,segment_watch,2013-07-19T05:20:03.489567+00:00,6270.8,34.0,6442,1,1,mobile,,
2455005,160290,26492,Twilight Zone: The Movie (1983),Fantasy,u160290-m26492-s1,pause,2013-07-19T05:21:49.627587+00:00,6270.8,34.0,6442,1,1,mobile,,
2455006,160290,26492,Twilight Zone: The Movie (1983),Fantasy,u160290-m26492-s1,pause,2013-07-19T05:22:20.240265+00:00,6270.8,34.0,6442,1,1,mobile,,
2455007,160290,26492,Twilight Zone: The Movie (1983),Fantasy,u160290-m26492-s1,pause,2013-07-19T05:23:05.181405+00:00,6270.8,34.0,6442,1,1,mobile,,
2455008,160290,26492,Twilight Zone: The Movie (1983),Fantasy,u160290-m26492-s1,segment_watch,2013-07-19T05:28:10.525474+00:00,6447.9,35.0,6442,1,1,mobile,,
2455009,160290,26492,Twilight Zone: The Movie (1983),Fantasy,u160290-m26492-s1,session_end,2013-07-19T05:28:41.962616+00:00,6442.0,35.0,6442,1,1,mobile,,
2455010,160290,26492,Twilight Zone: The Movie (1983),Fantasy,u160290-m26492-s1,rating_given,2013-07-19T05:43:49.221220+00:00,,,6442,1,1,tablet,,4.0
3317404,82892,88812,30 Minutes or Less (2011),Action,u82892-m88812-s1,session_start,2014-01-03T08:55:27.778716+00:00,0.0,,7762,1,2,tablet,,
3317405,82892,88812,30 Minutes or Less (2011),Action,u82892-m88812-s1,segment_watch,2014-01-03T08:57:51.253371+00:00,189.4,1.0,7762,1,2,tablet,,
3317406,82892,88812,30 Minutes or Less (2011),Action,u82892-m88812-s1,segment_watch,2014-01-03T08:59:35.743918+00:00,385.0,2.0,7762,1,2,tablet,,
3317407,82892,88812,30 Minutes or Less (2011),Action,u82892-m88812-s1,segment_watch,2014-01-03T09:02:23.656429+00:00,573.5,3.0,7762,1,2,tablet,,
3317408,82892,88812,30 Minutes or Less (2011),Action,u82892-m88812-s1,pause,2014-01-03T09:03:37.278135+00:00,573.5,3.0,7762,1,2,tablet,,
3317409,82892,88812,30 Minutes or Less (2011),Action,u82892-m88812-s1,seek_forward,2014-01-03T09:03:49.997719+00:00,814.7,4.0,7762,1,2,tablet,,
3317410,82892,88812,30 Minutes or Less (2011),Action,u82892-m88812-s1,segment_watch,2014-01-03T09:04:58.016785+00:00,1009.8,5.0,7762,1,2,tablet,,
3317411,82892,88812,30 Minutes or Less (2011),Action,u82892-m88812-s1,segment_watch,2014-01-03T09:06:36.180496+00:00,1185.4,6.0,7762,1,2,tablet,,
3317412,82892,88812,30 Minutes or Less (2011),Action,u82892-m88812-s1,segment_watch,2014-01-03T09:08:15.502173+00:00,1374.0,7.0,7762,1,2,tablet,,
3317413,82892,88812,30 Minutes or Less (2011),Action,u82892-m88812-s1,segment_watch,2014-01-03T09:10:19.587698+00:00,1560.2,8.0,7762,1,2,tablet,,
3317414,82892,88812,30 Minutes or Less (2011),Action,u82892-m88812-s1,segment_watch,2014-01-03T09:14:31.330179+00:00,1741.8,9.0,7762,1,2,tablet,,
3317415,82892,88812,30 Minutes or Less (2011),Action,u82892-m88812-s1,segment_watch,2014-01-03T09:18:09.981322+00:00,1911.3,10.0,7762,1,2,tablet,,
3317416,82892,88812,30 Minutes or Less (2011),Action,u82892-m88812-s1,pause,2014-01-03T09:19:34.999822+00:00,1911.3,10.0,7762,1,2,tablet,,
3317417,82892,88812,30 Minutes or Less (2011),Action,u82892-m88812-s1,segment_watch,2014-01-03T09:21:27.108949+00:00,2076.7,11.0,7762,1,2,tablet,,
3317418,82892,88812,30 Minutes or Less (2011),Action,u82892-m88812-s1,segment_watch,2014-01-03T09:22:56.304357+00:00,2268.4,12.0,7762,1,2,tablet,,
3317419,82892,88812,30 Minutes or Less (2011),Action,u82892-m88812-s1,segment_watch,2014-01-03T09:24:37.935460+00:00,2452.2,13.0,7762,1,2,tablet,,
3317420,82892,88812,30 Minutes or Less (2011),Action,u82892-m88812-s1,segment_watch,2014-01-03T09:26:26.466414+00:00,2637.2,14.0,7762,1,2,tablet,,
3317421,82892,88812,30 Minutes or Less (2011),Action,u82892-m88812-s1,pause,2014-01-03T09:27:40.173117+00:00,2637.2,14.0,7762,1,2,tablet,,
3317422,82892,88812,30 Minutes or Less (2011),Action,u82892-m88812-s1,pause,2014-01-03T09:28:36.531147+00:00,2637.2,14.0,7762,1,2,tablet,,
3317423,82892,88812,30 Minutes or Less (2011),Action,u82892-m88812-s1,segment_watch,2014-01-03T09:29:55.638237+00:00,2811.4,15.0,7762,1,2,tablet,,
3317424,82892,88812,30 Minutes or Less (2011),Action,u82892-m88812-s1,segment_watch,2014-01-03T09:33:12.629648+00:00,2978.1,16.0,7762,1,2,tablet,,
3317425,82892,88812,30 Minutes or Less (2011),Action,u82892-m88812-s1,pause,2014-01-03T09:34:26.448332+00:00,2978.1,16.0,7762,1,2,tablet,,
3317426,82892,88812,30 Minutes or Less (2011),Action,u82892-m88812-s1,segment_watch,2014-01-03T09:36:11.047674+00:00,3175.1,17.0,7762,1,2,tablet,,
3317427,82892,88812,30 Minutes or Less (2011),Action,u82892-m88812-s1,segment_watch,2014-01-03T09:37:46.307151+00:00,3370.4,18.0,7762,1,2,tablet,,
3317428,82892,88812,30 Minutes or Less (2011),Action,u82892-m88812-s1,segment_watch,2014-01-03T09:39:22.472513+00:00,3538.6,19.0,7762,1,2,tablet,,
3317429,82892,88812,30 Minutes or Less (2011),Action,u82892-m88812-s1,seek_forward,2014-01-03T09:39:39.996876+00:00,3793.5,21.0,7762,1,2,tablet,,
3317430,82892,88812,30 Minutes or Less (2011),Action,u82892-m88812-s1,seek_backward,2014-01-03T09:40:29.656440+00:00,4926.6,27.0,7762,1,2,tablet,,
3317431,82892,88812,30 Minutes or Less (2011),Action,u82892-m88812-s1,seek_backward,2014-01-03T09:41:40.988149+00:00,5011.3,27.0,7762,1,2,tablet,,
3317432,82892,88812,30 Minutes or Less (2011),Action,u82892-m88812-s1,pause,2014-01-03T09:44:39.585350+00:00,5011.3,27.0,7762,1,2,tablet,,
3317433,82892,88812,30 Minutes or Less (2011),Action,u82892-m88812-s1,seek_forward,2014-01-03T09:45:02.339476+00:00,5437.9,30.0,7762,1,2,tablet,,
3317434,82892,88812,30 Minutes or Less (2011),Action,u82892-m88812-s1,seek_backward,2014-01-03T09:45:07.182310+00:00,4886.5,27.0,7762,1,2,tablet,,
3317435,82892,88812,30 Minutes or Less (2011),Action,u82892-m88812-s1,seek_forward,2014-01-03T09:45:20.995633+00:00,5428.3,30.0,7762,1,2,tablet,,
3317436,82892,88812,30 Minutes or Less (2011),Action,u82892-m88812-s1,segment_watch,2014-01-03T09:47:10.553428+00:00,5623.5,31.0,7762,1,2,tablet,,
3317437,82892,88812,30 Minutes or Less (2011),Action,u82892-m88812-s1,seek_backward,2014-01-03T09:47:24.547222+00:00,4938.0,27.0,7762,1,2,tablet,,
3317438,82892,88812,30 Minutes or Less (2011),Action,u82892-m88812-s1,seek_backward,2014-01-03T09:47:29.332750+00:00,4897.5,27.0,7762,1,2,tablet,,
3317439,82892,88812,30 Minutes or Less (2011),Action,u82892-m88812-s1,pause,2014-01-03T09:49:45.716461+00:00,4897.5,27.0,7762,1,2,tablet,,
3317440,82892,88812,30 Minutes or Less (2011),Action,u82892-m88812-s1,segment_watch,2014-01-03T09:50:49.736819+00:00,5061.7,28.0,7762,1,2,tablet,,
3317441,82892,88812,30 Minutes or Less (2011),Action,u82892-m88812-s1,seek_forward,2014-01-03T09:51:02.148146+00:00,5661.0,31.0,7762,1,2,tablet,,
3317442,82892,88812,30 Minutes or Less (2011),Action,u82892-m88812-s1,segment_watch,2014-01-03T09:52:48.133349+00:00,5830.7,32.0,7762,1,2,tablet,,
3317443,82892,88812,30 Minutes or Less (2011),Action,u82892-m88812-s1,segment_watch,2014-01-03T09:54:08.322317+00:00,6023.9,33.0,7762,1,2,tablet,,
3317444,82892,88812,30 Minutes or Less (2011),Action,u82892-m88812-s1,segment_watch,2014-01-03T09:55:22.348697+00:00,6219.2,34.0,7762,1,2,tablet,,
3317445,82892,88812,30 Minutes or Less (2011),Action,u82892-m88812-s1,seek_backward,2014-01-03T09:55:43.002045+00:00,5012.2,27.0,7762,1,2,tablet,,
3317446,82892,88812,30 Minutes or Less (2011),Action,u82892-m88812-s1,seek_forward,2014-01-03T09:56:41.643549+00:00,5199.1,28.0,7762,1,2,tablet,,
3317447,82892,88812,30 Minutes or Less (2011),Action,u82892-m88812-s1,segment_watch,2014-01-03T10:00:04.123860+00:00,5390.6,29.0,7762,1,2,tablet,,
3317448,82892,88812,30 Minutes or Less (2011),Action,u82892-m88812-s1,segment_watch,2014-01-03T10:01:32.163621+00:00,5561.6,30.0,7762,1,2,tablet,,
3317449,82892,88812,30 Minutes or Less (2011),Action,u82892-m88812-s1,seek_backward,2014-01-03T10:02:03.829899+00:00,4933.7,27.0,7762,1,2,tablet,,
3317450,82892,88812,30 Minutes or Less (2011),Action,u82892-m88812-s1,segment_watch,2014-01-03T10:04:18.661735+00:00,5114.0,28.0,7762,1,2,tablet,,
3317451,82892,88812,30 Minutes or Less (2011),Action,u82892-m88812-s1,segment_watch,2014-01-03T10:07:43.572130+00:00,5310.6,29.0,7762,1,2,tablet,,
3317452,82892,88812,30 Minutes or Less (2011),Action,u82892-m88812-s1,pause,2014-01-03T10:08:13.594662+00:00,5310.6,29.0,7762,1,2,tablet,,
3317453,82892,88812,30 Minutes or Less (2011),Action,u82892-m88812-s1,pause,2014-01-03T10:10:15.575346+00:00,5310.6,29.0,7762,1,2,tablet,,
3317454,82892,88812,30 Minutes or Less (2011),Action,u82892-m88812-s1,segment_watch,2014-01-03T10:12:11.627682+00:00,5492.3,30.0,7762,1,2,tablet,,
3317455,82892,88812,30 Minutes or Less (2011),Action,u82892-m88812-s1,segment_watch,2014-01-03T10:13:36.405278+00:00,5665.3,31.0,7762,1,2,tablet,,
3317456,82892,88812,30 Minutes or Less (2011),Action,u82892-m88812-s1,segment_watch,2014-01-03T10:15:13.732325+00:00,5841.9,32.0,7762,1,2,tablet,,
3317457,82892,88812,30 Minutes or Less (2011),Action,u82892-m88812-s1,segment_watch,2014-01-03T10:17:08.453990+00:00,6034.2,33.0,7762,1,2,tablet,,
3317458,82892,88812,30 Minutes or Less (2011),Action,u82892-m88812-s1,seek_backward,2014-01-03T10:17:33.670446+00:00,4897.3,27.0,7762,1,2,tablet,,
3317459,82892,88812,30 Minutes or Less (2011),Action,u82892-m88812-s1,segment_watch,2014-01-03T10:19:02.061590+00:00,5059.5,28.0,7762,1,2,tablet,,
3317460,82892,88812,30 Minutes or Less (2011),Action,u82892-m88812-s1,seek_forward,2014-01-03T10:19:25.736840+00:00,5476.1,30.0,7762,1,2,tablet,,
3317461,82892,88812,30 Minutes or Less (2011),Action,u82892-m88812-s1,segment_watch,2014-01-03T10:20:55.998527+00:00,5663.7,31.0,7762,1,2,tablet,,
3317462,82892,88812,30 Minutes or Less (2011),Action,u82892-m88812-s1,segment_watch,2014-01-03T10:23:33.300849+00:00,5833.3,32.0,7762,1,2,tablet,,
3317463,82892,88812,30 Minutes or Less (2011),Action,u82892-m88812-s1,segment_watch,2014-01-03T10:25:31.528520+00:00,5998.6,33.0,7762,1,2,tablet,,
3317464,82892,88812,30 Minutes or Less (2011),Action,u82892-m88812-s1,segment_watch,2014-01-03T10:28:21.644274+00:00,6179.6,34.0,7762,1,2,tablet,,
3317465,82892,88812,30 Minutes or Less (2011),Action,u82892-m88812-s1,segment_watch,2014-01-03T10:29:58.021628+00:00,6345.0,35.0,7762,1,2,tablet,,
3317466,82892,88812,30 Minutes or Less (2011),Action,u82892-m88812-s1,segment_watch,2014-01-03T10:32:29.209346+00:00,6541.1,36.0,7762,1,2,tablet,,
3317467,82892,88812,30 Minutes or Less (2011),Action,u82892-m88812-s1,seek_forward,2014-01-03T10:33:52.483504+00:00,6766.0,37.0,7762,1,2,tablet,,
3317468,82892,88812,30 Minutes or Less (2011),Action,u82892-m88812-s1,drop_off,2014-01-03T10:34:05.992028+00:00,6121.2,34.0,7762,1,2,tablet,,
3317533,82892,88812,30 Minutes or Less (2011),Action,u82892-m88812-s1,rating_given,2014-01-03T12:50:25.501700+00:00,,,7762,1,2,tablet,,3.0
3191596,99967,2021,Dune (1984),Adventure,u99967-m2021-s1,session_start,2014-06-13T00:06:42.525036+00:00,0.0,,4407,1,1,tablet,,
3191597,99967,2021,Dune (1984),Adventure,u99967-m2021-s1,segment_watch,2014-06-13T00:08:10.075465+00:00,183.0,1.0,4407,1,1,tablet,,
3191598,99967,2021,Dune (1984),Adventure,u99967-m2021-s1,segment_watch,2014-06-13T00:09:26.403591+00:00,371.2,2.0,4407,1,1,tablet,,
3191599,99967,2021,Dune (1984),Adventure,u99967-m2021-s1,pause,2014-06-13T00:12:57.479603+00:00,371.2,2.0,4407,1,1,tablet,,
3191600,99967,2021,Dune (1984),Adventure,u99967-m2021-s1,segment_watch,2014-06-13T00:15:00.864030+00:00,543.3,3.0,4407,1,1,tablet,,
3191601,99967,2021,Dune (1984),Adventure,u99967-m2021-s1,segment_watch,2014-06-13T00:18:40.672775+00:00,883.7,4.0,4407,1,1,tablet,,
3191602,99967,2021,Dune (1984),Adventure,u99967-m2021-s1,pause,2014-06-13T00:19:02.079612+00:00,883.7,4.0,4407,1,1,tablet,,
3191603,99967,2021,Dune (1984),Adventure,u99967-m2021-s1,segment_watch,2014-06-13T00:20:34.041969+00:00,1079.6,5.0,4407,1,1,tablet,,
3191604,99967,2021,Dune (1984),Adventure,u99967-m2021-s1,pause,2014-06-13T00:22:00.323726+00:00,1079.6,5.0,4407,1,1,tablet,,
3191605,99967,2021,Dune (1984),Adventure,u99967-m2021-s1,segment_watch,2014-06-13T00:26:00.462924+00:00,1265.7,7.0,4407,1,1,tablet,,
3191606,99967,2021,Dune (1984),Adventure,u99967-m2021-s1,segment_watch,2014-06-13T00:30:40.942037+00:00,1628.3,9.0,4407,1,1,tablet,,
3191607,99967,2021,Dune (1984),Adventure,u99967-m2021-s1,pause,2014-06-13T00:31:44.874200+00:00,1628.3,9.0,4407,1,1,tablet,,
3191608,99967,2021,Dune (1984),Adventure,u99967-m2021-s1,pause,2014-06-13T00:35:03.419159+00:00,1628.3,9.0,4407,1,1,tablet,,
3191609,99967,2021,Dune (1984),Adventure,u99967-m2021-s1,seek_forward,2014-06-13T00:37:17.381399+00:00,2509.7,13.0,4407,1,1,tablet,,
3191610,99967,2021,Dune (1984),Adventure,u99967-m2021-s1,pause,2014-06-13T00:37:59.126841+00:00,2509.7,13.0,4407,1,1,tablet,,
3191611,99967,2021,Dune (1984),Adventure,u99967-m2021-s1,segment_watch,2014-06-13T00:41:53.120358+00:00,2676.8,14.0,4407,1,1,tablet,,
3191612,99967,2021,Dune (1984),Adventure,u99967-m2021-s1,segment_watch,2014-06-13T00:44:38.699219+00:00,2844.3,15.0,4407,1,1,tablet,,
3191613,99967,2021,Dune (1984),Adventure,u99967-m2021-s1,segment_watch,2014-06-13T00:46:15.861359+00:00,3029.6,16.0,4407,1,1,tablet,,
3191614,99967,2021,Dune (1984),Adventure,u99967-m2021-s1,segment_watch,2014-06-13T00:49:11.934454+00:00,3212.0,17.0,4407,1,1,tablet,,
3191615,99967,2021,Dune (1984),Adventure,u99967-m2021-s1,pause,2014-06-13T00:49:35.284732+00:00,3212.0,17.0,4407,1,1,tablet,,
3191616,99967,2021,Dune (1984),Adventure,u99967-m2021-s1,segment_watch,2014-06-13T00:53:09.615922+00:00,3399.8,18.0,4407,1,1,tablet,,
3191617,99967,2021,Dune (1984),Adventure,u99967-m2021-s1,pause,2014-06-13T00:53:47.749012+00:00,3399.8,18.0,4407,1,1,tablet,,
3191618,99967,2021,Dune (1984),Adventure,u99967-m2021-s1,seek_forward,2014-06-13T00:54:16.427704+00:00,3916.7,21.0,4407,1,1,tablet,,
3191619,99967,2021,Dune (1984),Adventure,u99967-m2021-s1,pause,2014-06-13T00:56:11.240398+00:00,3916.7,21.0,4407,1,1,tablet,,
3191620,99967,2021,Dune (1984),Adventure,u99967-m2021-s1,segment_watch,2014-06-13T00:58:00.811351+00:00,4084.2,22.0,4407,1,1,tablet,,
3191621,99967,2021,Dune (1984),Adventure,u99967-m2021-s1,segment_watch,2014-06-13T01:00:48.684235+00:00,4255.1,23.0,4407,1,1,tablet,,
3191622,99967,2021,Dune (1984),Adventure,u99967-m2021-s1,pause,2014-06-13T01:02:17.147293+00:00,4255.1,23.0,4407,1,1,tablet,,
3191623,99967,2021,Dune (1984),Adventure,u99967-m2021-s1,pause,2014-06-13T01:06:03.796675+00:00,4255.1,23.0,4407,1,1,tablet,,
3191624,99967,2021,Dune (1984),Adventure,u99967-m2021-s1,pause,2014-06-13T01:06:26.413034+00:00,4255.1,23.0,4407,1,1,tablet,,
3191625,99967,2021,Dune (1984),Adventure,u99967-m2021-s1,seek_forward,2014-06-13T01:07:32.337646+00:00,4836.4,26.0,4407,1,1,tablet,,
3191626,99967,2021,Dune (1984),Adventure,u99967-m2021-s1,session_end,2014-06-13T01:08:07.172101+00:00,4407.0,24.0,4407,1,1,tablet,,
3191627,99967,2021,Dune (1984),Adventure,u99967-m2021-s1,rating_given,2014-06-13T02:23:12.380899+00:00,,,4407,1,1,smart_tv,,4.0
227823,94610,106782,"Wolf of Wall Street, The (2013)",Comedy,u94610-m106782-s1,session_start,2015-08-13T16:00:01.828267+00:00,0.0,,7333,1,1,mobile,,
227824,94610,106782,"Wolf of Wall Street, The (2013)",Comedy,u94610-m106782-s1,pause,2015-08-13T16:02:29.120532+00:00,0.0,0.0,7333,1,1,mobile,,
227825,94610,106782,"Wolf of Wall Street, The (2013)",Comedy,u94610-m106782-s1,pause,2015-08-13T16:03:31.198849+00:00,0.0,0.0,7333,1,1,mobile,,
227826,94610,106782,"Wolf of Wall Street, The (2013)",Comedy,u94610-m106782-s1,pause,2015-08-13T16:04:06.516577+00:00,0.0,0.0,7333,1,1,mobile,,
227827,94610,106782,"Wolf of Wall Street, The (2013)",Comedy,u94610-m106782-s1,segment_watch,2015-08-13T16:06:40.810774+00:00,165.6,0.0,7333,1,1,mobile,,
227828,94610,106782,"Wolf of Wall Street, The (2013)",Comedy,u94610-m106782-s1,segment_watch,2015-08-13T16:09:41.109212+00:00,356.0,1.0,7333,1,1,mobile,,
227829,94610,106782,"Wolf of Wall Street, The (2013)",Comedy,u94610-m106782-s1,pause,2015-08-13T16:13:29.141193+00:00,356.0,1.0,7333,1,1,mobile,,
227830,94610,106782,"Wolf of Wall Street, The (2013)",Comedy,u94610-m106782-s1,segment_watch,2015-08-13T16:15:41.047596+00:00,536.5,2.0,7333,1,1,mobile,,
227831,94610,106782,"Wolf of Wall Street, The (2013)",Comedy,u94610-m106782-s1,segment_watch,2015-08-13T16:17:43.095900+00:00,719.9,3.0,7333,1,1,mobile,,
227832,94610,106782,"Wolf of Wall Street, The (2013)",Comedy,u94610-m106782-s1,seek_forward,2015-08-13T16:18:32.862670+00:00,1204.9,6.0,7333,1,1,mobile,,
227833,94610,106782,"Wolf of Wall Street, The (2013)",Comedy,u94610-m106782-s1,segment_watch,2015-08-13T16:21:22.515165+00:00,1381.1,7.0,7333,1,1,mobile,,
227834,94610,106782,"Wolf of Wall Street, The (2013)",Comedy,u94610-m106782-s1,segment_watch,2015-08-13T16:23:05.925955+00:00,1563.0,8.0,7333,1,1,mobile,,
227835,94610,106782,"Wolf of Wall Street, The (2013)",Comedy,u94610-m106782-s1,seek_forward,2015-08-13T16:23:51.524294+00:00,1746.5,9.0,7333,1,1,mobile,,
227836,94610,106782,"Wolf of Wall Street, The (2013)",Comedy,u94610-m106782-s1,segment_watch,2015-08-13T16:25:16.987471+00:00,1944.4,10.0,7333,1,1,mobile,,
227837,94610,106782,"Wolf of Wall Street, The (2013)",Comedy,u94610-m106782-s1,segment_watch,2015-08-13T16:27:31.641329+00:00,2126.8,11.0,7333,1,1,mobile,,
227838,94610,106782,"Wolf of Wall Street, The (2013)",Comedy,u94610-m106782-s1,pause,2015-08-13T16:33:26.794653+00:00,2126.8,11.0,7333,1,1,mobile,,
227839,94610,106782,"Wolf of Wall Street, The (2013)",Comedy,u94610-m106782-s1,segment_watch,2015-08-13T16:35:54.047290+00:00,2313.6,12.0,7333,1,1,mobile,,
227840,94610,106782,"Wolf of Wall Street, The (2013)",Comedy,u94610-m106782-s1,segment_watch,2015-08-13T16:38:36.230194+00:00,2509.8,13.0,7333,1,1,mobile,,
227841,94610,106782,"Wolf of Wall Street, The (2013)",Comedy,u94610-m106782-s1,pause,2015-08-13T16:41:32.865017+00:00,2509.8,13.0,7333,1,1,mobile,,
227842,94610,106782,"Wolf of Wall Street, The (2013)",Comedy,u94610-m106782-s1,segment_watch,2015-08-13T16:42:41.081484+00:00,2684.5,14.0,7333,1,1,mobile,,
227843,94610,106782,"Wolf of Wall Street, The (2013)",Comedy,u94610-m106782-s1,segment_watch,2015-08-13T16:45:14.932134+00:00,2848.7,15.0,7333,1,1,mobile,,
227844,94610,106782,"Wolf of Wall Street, The (2013)",Comedy,u94610-m106782-s1,segment_watch,2015-08-13T16:47:36.910795+00:00,3045.9,16.0,7333,1,1,mobile,,
227845,94610,106782,"Wolf of Wall Street, The (2013)",Comedy,u94610-m106782-s1,pause,2015-08-13T16:48:24.110467+00:00,3045.9,16.0,7333,1,1,mobile,,
227846,94610,106782,"Wolf of Wall Street, The (2013)",Comedy,u94610-m106782-s1,pause,2015-08-13T16:54:29.431134+00:00,3045.9,16.0,7333,1,1,mobile,,
227847,94610,106782,"Wolf of Wall Street, The (2013)",Comedy,u94610-m106782-s1,segment_watch,2015-08-13T16:56:30.142927+00:00,3239.3,17.0,7333,1,1,mobile,,
227848,94610,106782,"Wolf of Wall Street, The (2013)",Comedy,u94610-m106782-s1,segment_watch,2015-08-13T17:00:40.231432+00:00,3402.6,18.0,7333,1,1,mobile,,
227849,94610,106782,"Wolf of Wall Street, The (2013)",Comedy,u94610-m106782-s1,seek_forward,2015-08-13T17:00:52.466301+00:00,4107.6,22.0,7333,1,1,mobile,,
227850,94610,106782,"Wolf of Wall Street, The (2013)",Comedy,u94610-m106782-s1,segment_watch,2015-08-13T17:03:54.762310+00:00,4303.7,23.0,7333,1,1,mobile,,
227851,94610,106782,"Wolf of Wall Street, The (2013)",Comedy,u94610-m106782-s1,segment_watch,2015-08-13T17:05:42.118431+00:00,4493.8,24.0,7333,1,1,mobile,,
227852,94610,106782,"Wolf of Wall Street, The (2013)",Comedy,u94610-m106782-s1,segment_watch,2015-08-13T17:07:23.067978+00:00,4679.2,25.0,7333,1,1,mobile,,
227853,94610,106782,"Wolf of Wall Street, The (2013)",Comedy,u94610-m106782-s1,segment_watch,2015-08-13T17:09:55.401666+00:00,4850.3,26.0,7333,1,1,mobile,,
227854,94610,106782,"Wolf of Wall Street, The (2013)",Comedy,u94610-m106782-s1,segment_watch,2015-08-13T17:12:54.727382+00:00,5026.6,27.0,7333,1,1,mobile,,
227855,94610,106782,"Wolf of Wall Street, The (2013)",Comedy,u94610-m106782-s1,segment_watch,2015-08-13T17:15:23.367762+00:00,5204.7,28.0,7333,1,1,mobile,,
227856,94610,106782,"Wolf of Wall Street, The (2013)",Comedy,u94610-m106782-s1,segment_watch,2015-08-13T17:18:04.061592+00:00,5385.5,29.0,7333,1,1,mobile,,
227857,94610,106782,"Wolf of Wall Street, The (2013)",Comedy,u94610-m106782-s1,pause,2015-08-13T17:19:13.341712+00:00,5385.5,29.0,7333,1,1,mobile,,
227858,94610,106782,"Wolf of Wall Street, The (2013)",Comedy,u94610-m106782-s1,seek_forward,2015-08-13T17:19:27.829495+00:00,5657.9,31.0,7333,1,1,mobile,,
227859,94610,106782,"Wolf of Wall Street, The (2013)",Comedy,u94610-m106782-s1,seek_forward,2015-08-13T17:20:12.167681+00:00,5920.2,32.0,7333,1,1,mobile,,
227860,94610,106782,"Wolf of Wall Street, The (2013)",Comedy,u94610-m106782-s1,segment_watch,2015-08-13T17:22:28.653668+00:00,6098.6,33.0,7333,1,1,mobile,,
227861,94610,106782,"Wolf of Wall Street, The (2013)",Comedy,u94610-m106782-s1,segment_watch,2015-08-13T17:24:57.741124+00:00,6292.2,34.0,7333,1,1,mobile,,
227862,94610,106782,"Wolf of Wall Street, The (2013)",Comedy,u94610-m106782-s1,segment_watch,2015-08-13T17:28:42.545788+00:00,6461.5,35.0,7333,1,1,mobile,,
227863,94610,106782,"Wolf of Wall Street, The (2013)",Comedy,u94610-m106782-s1,segment_watch,2015-08-13T17:30:38.506446+00:00,6640.7,36.0,7333,1,1,mobile,,
227864,94610,106782,"Wolf of Wall Street, The (2013)",Comedy,u94610-m106782-s1,pause,2015-08-13T17:31:31.976740+00:00,6640.7,36.0,7333,1,1,mobile,,
227865,94610,106782,"Wolf of Wall Street, The (2013)",Comedy,u94610-m106782-s1,segment_watch,2015-08-13T17:33:57.444325+00:00,6808.6,37.0,7333,1,1,mobile,,
227866,94610,106782,"Wolf of Wall Street, The (2013)",Comedy,u94610-m106782-s1,seek_forward,2015-08-13T17:34:01.641828+00:00,7436.3,41.0,7333,1,1,mobile,,
227867,94610,106782,"Wolf of Wall Street, The (2013)",Comedy,u94610-m106782-s1,session_end,2015-08-13T17:34:47.275437+00:00,7333.0,40.0,7333,1,1,mobile,,
227868,94610,106782,"Wolf of Wall Street, The (2013)",Comedy,u94610-m106782-s1,rating_given,2015-08-13T18:44:26.954820+00:00,,,7333,1,1,mobile,,4.0
1271201,127581,1387,Jaws (1975),Action,u127581-m1387-s2,session_start,2015-12-16T09:51:48.008402+00:00,0.0,,6512,2,2,smart_tv,,
1271202,127581,1387,Jaws (1975),Action,u127581-m1387-s2,segment_watch,2015-12-16T09:53:56.565668+00:00,182.4,1.0,6512,2,2,smart_tv,,
1271203,127581,1387,Jaws (1975),Action,u127581-m1387-s2,segment_watch,2015-12-16T09:59:09.739151+00:00,543.4,3.0,6512,2,2,smart_tv,,
1271204,127581,1387,Jaws (1975),Action,u127581-m1387-s2,segment_watch,2015-12-16T10:01:39.470018+00:00,721.3,4.0,6512,2,2,smart_tv,,
1271205,127581,1387,Jaws (1975),Action,u127581-m1387-s2,pause,2015-12-16T10:03:00.705493+00:00,721.3,4.0,6512,2,2,smart_tv,,
1271206,127581,1387,Jaws (1975),Action,u127581-m1387-s2,segment_watch,2015-12-16T10:09:34.324128+00:00,1072.9,5.0,6512,2,2,smart_tv,,
1271207,127581,1387,Jaws (1975),Action,u127581-m1387-s2,segment_watch,2015-12-16T10:12:29.205172+00:00,1269.6,7.0,6512,2,2,smart_tv,,
1271208,127581,1387,Jaws (1975),Action,u127581-m1387-s2,pause,2015-12-16T10:13:04.635564+00:00,1269.6,7.0,6512,2,2,smart_tv,,
1271209,127581,1387,Jaws (1975),Action,u127581-m1387-s2,seek_forward,2015-12-16T10:13:26.242959+00:00,1719.7,9.0,6512,2,2,smart_tv,,
1271210,127581,1387,Jaws (1975),Action,u127581-m1387-s2,segment_watch,2015-12-16T10:15:09.132321+00:00,1884.2,10.0,6512,2,2,smart_tv,,
1271211,127581,1387,Jaws (1975),Action,u127581-m1387-s2,segment_watch,2015-12-16T10:17:03.159043+00:00,2073.3,11.0,6512,2,2,smart_tv,,
1271212,127581,1387,Jaws (1975),Action,u127581-m1387-s2,segment_watch,2015-12-16T10:20:03.137901+00:00,2256.9,12.0,6512,2,2,smart_tv,,
1271213,127581,1387,Jaws (1975),Action,u127581-m1387-s2,seek_forward,2015-12-16T10:20:19.341323+00:00,2953.3,16.0,6512,2,2,smart_tv,,
1271214,127581,1387,Jaws (1975),Action,u127581-m1387-s2,segment_watch,2015-12-16T10:22:33.961887+00:00,3149.7,17.0,6512,2,2,smart_tv,,
1271215,127581,1387,Jaws (1975),Action,u127581-m1387-s2,seek_backward,2015-12-16T10:22:46.341500+00:00,4674.9,25.0,6512,2,2,smart_tv,,
1271216,127581,1387,Jaws (1975),Action,u127581-m1387-s2,segment_watch,2015-12-16T10:24:05.711925+00:00,4866.6,27.0,6512,2,2,smart_tv,,
1271217,127581,1387,Jaws (1975),Action,u127581-m1387-s2,segment_watch,2015-12-16T10:29:12.250088+00:00,5211.3,28.0,6512,2,2,smart_tv,,
1271218,127581,1387,Jaws (1975),Action,u127581-m1387-s2,segment_watch,2015-12-16T10:30:53.745261+00:00,5397.3,29.0,6512,2,2,smart_tv,,
1271219,127581,1387,Jaws (1975),Action,u127581-m1387-s2,segment_watch,2015-12-16T10:32:55.668175+00:00,5572.5,30.0,6512,2,2,smart_tv,,
1271220,127581,1387,Jaws (1975),Action,u127581-m1387-s2,segment_watch,2015-12-16T10:35:01.307717+00:00,5768.1,32.0,6512,2,2,smart_tv,,
1271221,127581,1387,Jaws (1975),Action,u127581-m1387-s2,segment_watch,2015-12-16T10:36:26.410015+00:00,5951.1,33.0,6512,2,2,smart_tv,,
1271222,127581,1387,Jaws (1975),Action,u127581-m1387-s2,segment_watch,2015-12-16T10:39:39.935190+00:00,6125.9,34.0,6512,2,2,smart_tv,,
1271223,127581,1387,Jaws (1975),Action,u127581-m1387-s2,pause,2015-12-16T10:40:02.748701+00:00,6125.9,34.0,6512,2,2,smart_tv,,
1271224,127581,1387,Jaws (1975),Action,u127581-m1387-s2,seek_forward,2015-12-16T10:40:21.878168+00:00,6420.6,35.0,6512,2,2,smart_tv,,
1271225,127581,1387,Jaws (1975),Action,u127581-m1387-s2,session_end,2015-12-16T10:40:58.854712+00:00,6420.6,35.0,6512,2,2,smart_tv,,
1047827,116608,114184,Camp X-Ray (2014),Drama,u116608-m114184-s2,session_start,2015-12-29T02:04:06.311571+00:00,0.0,,4803,2,2,mobile,,
1047828,116608,114184,Camp X-Ray (2014),Drama,u116608-m114184-s2,segment_watch,2015-12-29T02:05:19.738298+00:00,180.1,1.0,4803,2,2,mobile,,
1047829,116608,114184,Camp X-Ray (2014),Drama,u116608-m114184-s2,seek_forward,2015-12-29T02:05:34.329588+00:00,413.9,2.0,4803,2,2,mobile,,
1047830,116608,114184,Camp X-Ray (2014),Drama,u116608-m114184-s2,segment_watch,2015-12-29T02:07:42.749514+00:00,589.7,3.0,4803,2,2,mobile,,
1047831,116608,114184,Camp X-Ray (2014),Drama,u116608-m114184-s2,segment_watch,2015-12-29T02:09:29.828848+00:00,776.6,4.0,4803,2,2,mobile,,
1047832,116608,114184,Camp X-Ray (2014),Drama,u116608-m114184-s2,segment_watch,2015-12-29T02:12:07.056372+00:00,942.3,5.0,4803,2,2,mobile,,
1047833,116608,114184,Camp X-Ray (2014),Drama,u116608-m114184-s2,segment_watch,2015-12-29T02:14:05.548242+00:00,1122.1,6.0,4803,2,2,mobile,,
1047834,116608,114184,Camp X-Ray (2014),Drama,u116608-m114184-s2,pause,2015-12-29T02:14:52.327069+00:00,1122.1,6.0,4803,2,2,mobile,,
1047835,116608,114184,Camp X-Ray (2014),Drama,u116608-m114184-s2,segment_watch,2015-12-29T02:16:53.894403+00:00,1310.4,7.0,4803,2,2,mobile,,
1047836,116608,114184,Camp X-Ray (2014),Drama,u116608-m114184-s2,pause,2015-12-29T02:17:16.274462+00:00,1310.4,7.0,4803,2,2,mobile,,
1047837,116608,114184,Camp X-Ray (2014),Drama,u116608-m114184-s2,pause,2015-12-29T02:19:49.751375+00:00,1310.4,7.0,4803,2,2,mobile,,
1047838,116608,114184,Camp X-Ray (2014),Drama,u116608-m114184-s2,segment_watch,2015-12-29T02:21:53.093081+00:00,1503.7,8.0,4803,2,2,mobile,,
1047839,116608,114184,Camp X-Ray (2014),Drama,u116608-m114184-s2,pause,2015-12-29T02:28:39.157678+00:00,1503.7,8.0,4803,2,2,mobile,,
1047840,116608,114184,Camp X-Ray (2014),Drama,u116608-m114184-s2,segment_watch,2015-12-29T02:30:47.966928+00:00,1667.9,9.0,4803,2,2,mobile,,
1047841,116608,114184,Camp X-Ray (2014),Drama,u116608-m114184-s2,segment_watch,2015-12-29T02:34:03.763839+00:00,1860.6,10.0,4803,2,2,mobile,,
1047842,116608,114184,Camp X-Ray (2014),Drama,u116608-m114184-s2,segment_watch,2015-12-29T02:36:23.624815+00:00,2031.0,11.0,4803,2,2,mobile,,
1047843,116608,114184,Camp X-Ray (2014),Drama,u116608-m114184-s2,segment_watch,2015-12-29T02:39:20.846313+00:00,2200.2,12.0,4803,2,2,mobile,,
1047844,116608,114184,Camp X-Ray (2014),Drama,u116608-m114184-s2,pause,2015-12-29T02:40:27.826180+00:00,2200.2,12.0,4803,2,2,mobile,,
1047845,116608,114184,Camp X-Ray (2014),Drama,u116608-m114184-s2,segment_watch,2015-12-29T02:43:39.296295+00:00,2372.5,13.0,4803,2,2,mobile,,
1047846,116608,114184,Camp X-Ray (2014),Drama,u116608-m114184-s2,segment_watch,2015-12-29T02:45:18.458000+00:00,2561.7,14.0,4803,2,2,mobile,,
1047847,116608,114184,Camp X-Ray (2014),Drama,u116608-m114184-s2,seek_forward,2015-12-29T02:45:36.014876+00:00,2972.5,16.0,4803,2,2,mobile,,
1047848,116608,114184,Camp X-Ray (2014),Drama,u116608-m114184-s2,segment_watch,2015-12-29T02:46:37.900092+00:00,3152.9,17.0,4803,2,2,mobile,,
1047849,116608,114184,Camp X-Ray (2014),Drama,u116608-m114184-s2,segment_watch,2015-12-29T02:47:29.503501+00:00,3336.7,18.0,4803,2,2,mobile,,
1047850,116608,114184,Camp X-Ray (2014),Drama,u116608-m114184-s2,segment_watch,2015-12-29T02:49:42.063229+00:00,3518.3,19.0,4803,2,2,mobile,,
1047851,116608,114184,Camp X-Ray (2014),Drama,u116608-m114184-s2,segment_watch,2015-12-29T02:52:06.427471+00:00,3702.4,20.0,4803,2,2,mobile,,
1047852,116608,114184,Camp X-Ray (2014),Drama,u116608-m114184-s2,pause,2015-12-29T02:53:43.874829+00:00,3702.4,20.0,4803,2,2,mobile,,
1047853,116608,114184,Camp X-Ray (2014),Drama,u116608-m114184-s2,segment_watch,2015-12-29T02:57:17.227648+00:00,3890.5,21.0,4803,2,2,mobile,,
1047854,116608,114184,Camp X-Ray (2014),Drama,u116608-m114184-s2,seek_backward,2015-12-29T02:57:48.722732+00:00,3322.2,18.0,4803,2,2,mobile,,
1047855,116608,114184,Camp X-Ray (2014),Drama,u116608-m114184-s2,seek_forward,2015-12-29T02:57:59.875921+00:00,3941.4,21.0,4803,2,2,mobile,,
1047856,116608,114184,Camp X-Ray (2014),Drama,u116608-m114184-s2,pause,2015-12-29T03:00:12.079362+00:00,3941.4,21.0,4803,2,2,mobile,,
1047857,116608,114184,Camp X-Ray (2014),Drama,u116608-m114184-s2,pause,2015-12-29T03:00:47.384830+00:00,3941.4,21.0,4803,2,2,mobile,,
1047858,116608,114184,Camp X-Ray (2014),Drama,u116608-m114184-s2,segment_watch,2015-12-29T03:02:16.478473+00:00,4111.7,22.0,4803,2,2,mobile,,
1047859,116608,114184,Camp X-Ray (2014),Drama,u116608-m114184-s2,pause,2015-12-29T03:04:50.658819+00:00,4111.7,22.0,4803,2,2,mobile,,
1047860,116608,114184,Camp X-Ray (2014),Drama,u116608-m114184-s2,segment_watch,2015-12-29T03:07:00.098757+00:00,4305.5,23.0,4803,2,2,mobile,,
1047861,116608,114184,Camp X-Ray (2014),Drama,u116608-m114184-s2,segment_watch,2015-12-29T03:09:09.677143+00:00,4468.1,24.0,4803,2,2,mobile,,
1047862,116608,114184,Camp X-Ray (2014),Drama,u116608-m114184-s2,seek_forward,2015-12-29T03:09:40.026117+00:00,5097.1,28.0,4803,2,2,mobile,,
1047863,116608,114184,Camp X-Ray (2014),Drama,u116608-m114184-s2,session_end,2015-12-29T03:10:03.714940+00:00,4803.0,26.0,4803,2,2,mobile,,
1738800,64670,101864,Oblivion (2013),Action,u64670-m101864-s2,session_start,2016-01-08T16:59:38.418058+00:00,0.0,,4919,2,3,smart_tv,,
1738801,64670,101864,Oblivion (2013),Action,u64670-m101864-s2,segment_watch,2016-01-08T17:02:56.522991+00:00,195.0,1.0,4919,2,3,smart_tv,,
1738802,64670,101864,Oblivion (2013),Action,u64670-m101864-s2,segment_watch,2016-01-08T17:07:02.189457+00:00,365.5,2.0,4919,2,3,smart_tv,,
1738803,64670,101864,Oblivion (2013),Action,u64670-m101864-s2,segment_watch,2016-01-08T17:08:10.417156+00:00,549.8,3.0,4919,2,3,smart_tv,,
1738804,64670,101864,Oblivion (2013),Action,u64670-m101864-s2,segment_watch,2016-01-08T17:12:30.098302+00:00,886.9,4.0,4919,2,3,smart_tv,,
1738805,64670,101864,Oblivion (2013),Action,u64670-m101864-s2,segment_watch,2016-01-08T17:14:49.522365+00:00,1055.8,5.0,4919,2,3,smart_tv,,
1738806,64670,101864,Oblivion (2013),Action,u64670-m101864-s2,segment_watch,2016-01-08T17:17:27.070472+00:00,1224.6,6.0,4919,2,3,smart_tv,,
1738807,64670,101864,Oblivion (2013),Action,u64670-m101864-s2,segment_watch,2016-01-08T17:19:42.063658+00:00,1395.5,7.0,4919,2,3,smart_tv,,
1738808,64670,101864,Oblivion (2013),Action,u64670-m101864-s2,segment_watch,2016-01-08T17:21:27.838766+00:00,1577.8,8.0,4919,2,3,smart_tv,,
1738809,64670,101864,Oblivion (2013),Action,u64670-m101864-s2,segment_watch,2016-01-08T17:23:43.774951+00:00,1747.0,9.0,4919,2,3,smart_tv,,
1738810,64670,101864,Oblivion (2013),Action,u64670-m101864-s2,segment_watch,2016-01-08T17:26:18.875250+00:00,1926.8,10.0,4919,2,3,smart_tv,,
1738811,64670,101864,Oblivion (2013),Action,u64670-m101864-s2,segment_watch,2016-01-08T17:30:04.787293+00:00,2104.4,11.0,4919,2,3,smart_tv,,
1738812,64670,101864,Oblivion (2013),Action,u64670-m101864-s2,segment_watch,2016-01-08T17:32:20.867034+00:00,2283.8,12.0,4919,2,3,smart_tv,,
1738813,64670,101864,Oblivion (2013),Action,u64670-m101864-s2,pause,2016-01-08T17:35:24.966072+00:00,2283.8,12.0,4919,2,3,smart_tv,,
1738814,64670,101864,Oblivion (2013),Action,u64670-m101864-s2,segment_watch,2016-01-08T17:37:48.242295+00:00,2461.4,13.0,4919,2,3,smart_tv,,
1738815,64670,101864,Oblivion (2013),Action,u64670-m101864-s2,pause,2016-01-08T17:38:31.344010+00:00,2461.4,13.0,4919,2,3,smart_tv,,
1738816,64670,101864,Oblivion (2013),Action,u64670-m101864-s2,segment_watch,2016-01-08T17:41:32.971697+00:00,2645.3,14.0,4919,2,3,smart_tv,,
1738817,64670,101864,Oblivion (2013),Action,u64670-m101864-s2,segment_watch,2016-01-08T17:44:03.613555+00:00,2812.9,15.0,4919,2,3,smart_tv,,
1738818,64670,101864,Oblivion (2013),Action,u64670-m101864-s2,segment_watch,2016-01-08T17:45:13.266012+00:00,2982.4,16.0,4919,2,3,smart_tv,,
1738819,64670,101864,Oblivion (2013),Action,u64670-m101864-s2,segment_watch,2016-01-08T17:47:51.059875+00:00,3147.4,17.0,4919,2,3,smart_tv,,
1738820,64670,101864,Oblivion (2013),Action,u64670-m101864-s2,segment_watch,2016-01-08T17:49:25.820091+00:00,3309.7,18.0,4919,2,3,smart_tv,,
1738821,64670,101864,Oblivion (2013),Action,u64670-m101864-s2,segment_watch,2016-01-08T17:52:18.793193+00:00,3480.9,19.0,4919,2,3,smart_tv,,
1738822,64670,101864,Oblivion (2013),Action,u64670-m101864-s2,segment_watch,2016-01-08T17:55:02.245333+00:00,3671.7,20.0,4919,2,3,smart_tv,,
1738823,64670,101864,Oblivion (2013),Action,u64670-m101864-s2,segment_watch,2016-01-08T17:57:23.239087+00:00,3859.6,21.0,4919,2,3,smart_tv,,
1738824,64670,101864,Oblivion (2013),Action,u64670-m101864-s2,segment_watch,2016-01-08T18:00:44.683696+00:00,4043.8,22.0,4919,2,3,smart_tv,,
1738825,64670,101864,Oblivion (2013),Action,u64670-m101864-s2,pause,2016-01-08T18:03:14.966644+00:00,4043.8,22.0,4919,2,3,smart_tv,,
1738826,64670,101864,Oblivion (2013),Action,u64670-m101864-s2,segment_watch,2016-01-08T18:05:08.271337+00:00,4239.9,23.0,4919,2,3,smart_tv,,
1738827,64670,101864,Oblivion (2013),Action,u64670-m101864-s2,pause,2016-01-08T18:05:35.127657+00:00,4239.9,23.0,4919,2,3,smart_tv,,
1738828,64670,101864,Oblivion (2013),Action,u64670-m101864-s2,seek_forward,2016-01-08T18:06:05.004069+00:00,4623.4,25.0,4919,2,3,smart_tv,,
1738829,64670,101864,Oblivion (2013),Action,u64670-m101864-s2,segment_watch,2016-01-08T18:08:13.296739+00:00,4802.5,26.0,4919,2,3,smart_tv,,
1738830,64670,101864,Oblivion (2013),Action,u64670-m101864-s2,session_end,2016-01-08T18:08:48.439712+00:00,4802.5,26.0,4919,2,3,smart_tv,,
3527170,80089,1198,Raiders of the Lost Ark (Indiana Jones and the Raiders of the Lost Ark) (1981),Action,u80089-m1198-s1,session_start,2016-04-19T18:13:46.372765+00:00,0.0,,8516,1,2,smart_tv,,
3527171,80089,1198,Raiders of the Lost Ark (Indiana Jones and the Raiders of the Lost Ark) (1981),Action,u80089-m1198-s1,segment_watch,2016-04-19T18:16:28.616812+00:00,184.2,1.0,8516,1,2,smart_tv,,
3527172,80089,1198,Raiders of the Lost Ark (Indiana Jones and the Raiders of the Lost Ark) (1981),Action,u80089-m1198-s1,segment_watch,2016-04-19T18:18:30.903788+00:00,373.3,2.0,8516,1,2,smart_tv,,
3527173,80089,1198,Raiders of the Lost Ark (Indiana Jones and the Raiders of the Lost Ark) (1981),Action,u80089-m1198-s1,segment_watch,2016-04-19T18:20:25.882355+00:00,567.3,3.0,8516,1,2,smart_tv,,
3527174,80089,1198,Raiders of the Lost Ark (Indiana Jones and the Raiders of the Lost Ark) (1981),Action,u80089-m1198-s1,seek_forward,2016-04-19T18:20:57.862998+00:00,949.8,5.0,8516,1,2,smart_tv,,
3527175,80089,1198,Raiders of the Lost Ark (Indiana Jones and the Raiders of the Lost Ark) (1981),Action,u80089-m1198-s1,segment_watch,2016-04-19T18:23:18.043612+00:00,1136.8,6.0,8516,1,2,smart_tv,,
3527176,80089,1198,Raiders of the Lost Ark (Indiana Jones and the Raiders of the Lost Ark) (1981),Action,u80089-m1198-s1,segment_watch,2016-04-19T18:25:10.626080+00:00,1309.5,7.0,8516,1,2,smart_tv,,
3527177,80089,1198,Raiders of the Lost Ark (Indiana Jones and the Raiders of the Lost Ark) (1981),Action,u80089-m1198-s1,pause,2016-04-19T18:26:21.432910+00:00,1309.5,7.0,8516,1,2,smart_tv,,
3527178,80089,1198,Raiders of the Lost Ark (Indiana Jones and the Raiders of the Lost Ark) (1981),Action,u80089-m1198-s1,pause,2016-04-19T18:26:48.327604+00:00,1309.5,7.0,8516,1,2,smart_tv,,
3527179,80089,1198,Raiders of the Lost Ark (Indiana Jones and the Raiders of the Lost Ark) (1981),Action,u80089-m1198-s1,segment_watch,2016-04-19T18:28:51.122420+00:00,1473.9,8.0,8516,1,2,smart_tv,,
3527180,80089,1198,Raiders of the Lost Ark (Indiana Jones and the Raiders of the Lost Ark) (1981),Action,u80089-m1198-s1,segment_watch,2016-04-19T18:31:02.618386+00:00,1666.9,9.0,8516,1,2,smart_tv,,
3527181,80089,1198,Raiders of the Lost Ark (Indiana Jones and the Raiders of the Lost Ark) (1981),Action,u80089-m1198-s1,segment_watch,2016-04-19T18:34:23.430439+00:00,1862.3,10.0,8516,1,2,smart_tv,,
3527182,80089,1198,Raiders of the Lost Ark (Indiana Jones and the Raiders of the Lost Ark) (1981),Action,u80089-m1198-s1,segment_watch,2016-04-19T18:36:39.551427+00:00,2033.6,11.0,8516,1,2,smart_tv,,
3527183,80089,1198,Raiders of the Lost Ark (Indiana Jones and the Raiders of the Lost Ark) (1981),Action,u80089-m1198-s1,pause,2016-04-19T18:39:32.841777+00:00,2033.6,11.0,8516,1,2,smart_tv,,
3527184,80089,1198,Raiders of the Lost Ark (Indiana Jones and the Raiders of the Lost Ark) (1981),Action,u80089-m1198-s1,segment_watch,2016-04-19T18:41:14.214647+00:00,2204.7,12.0,8516,1,2,smart_tv,,
3527185,80089,1198,Raiders of the Lost Ark (Indiana Jones and the Raiders of the Lost Ark) (1981),Action,u80089-m1198-s1,seek_forward,2016-04-19T18:41:28.235628+00:00,2528.5,14.0,8516,1,2,smart_tv,,
3527186,80089,1198,Raiders of the Lost Ark (Indiana Jones and the Raiders of the Lost Ark) (1981),Action,u80089-m1198-s1,segment_watch,2016-04-19T18:43:16.141813+00:00,2713.5,15.0,8516,1,2,smart_tv,,
3527187,80089,1198,Raiders of the Lost Ark (Indiana Jones and the Raiders of the Lost Ark) (1981),Action,u80089-m1198-s1,segment_watch,2016-04-19T18:44:10.183742+00:00,2894.7,16.0,8516,1,2,smart_tv,,
3527188,80089,1198,Raiders of the Lost Ark (Indiana Jones and the Raiders of the Lost Ark) (1981),Action,u80089-m1198-s1,pause,2016-04-19T18:44:54.724072+00:00,2894.7,16.0,8516,1,2,smart_tv,,
3527189,80089,1198,Raiders of the Lost Ark (Indiana Jones and the Raiders of the Lost Ark) (1981),Action,u80089-m1198-s1,seek_forward,2016-04-19T18:45:20.692121+00:00,3137.4,17.0,8516,1,2,smart_tv,,
3527190,80089,1198,Raiders of the Lost Ark (Indiana Jones and the Raiders of the Lost Ark) (1981),Action,u80089-m1198-s1,pause,2016-04-19T18:47:18.878882+00:00,3137.4,17.0,8516,1,2,smart_tv,,
3527191,80089,1198,Raiders of the Lost Ark (Indiana Jones and the Raiders of the Lost Ark) (1981),Action,u80089-m1198-s1,seek_forward,2016-04-19T18:47:33.676151+00:00,3731.9,20.0,8516,1,2,smart_tv,,
3527192,80089,1198,Raiders of the Lost Ark (Indiana Jones and the Raiders of the Lost Ark) (1981),Action,u80089-m1198-s1,pause,2016-04-19T18:48:28.715749+00:00,3731.9,20.0,8516,1,2,smart_tv,,
3527193,80089,1198,Raiders of the Lost Ark (Indiana Jones and the Raiders of the Lost Ark) (1981),Action,u80089-m1198-s1,pause,2016-04-19T18:50:23.249319+00:00,3731.9,20.0,8516,1,2,smart_tv,,
3527194,80089,1198,Raiders of the Lost Ark (Indiana Jones and the Raiders of the Lost Ark) (1981),Action,u80089-m1198-s1,segment_watch,2016-04-19T18:52:17.672152+00:00,3926.7,21.0,8516,1,2,smart_tv,,
3527195,80089,1198,Raiders of the Lost Ark (Indiana Jones and the Raiders of the Lost Ark) (1981),Action,u80089-m1198-s1,segment_watch,2016-04-19T18:55:16.917902+00:00,4114.0,22.0,8516,1,2,smart_tv,,
3527196,80089,1198,Raiders of the Lost Ark (Indiana Jones and the Raiders of the Lost Ark) (1981),Action,u80089-m1198-s1,segment_watch,2016-04-19T18:56:25.320091+00:00,4284.1,23.0,8516,1,2,smart_tv,,
3527197,80089,1198,Raiders of the Lost Ark (Indiana Jones and the Raiders of the Lost Ark) (1981),Action,u80089-m1198-s1,pause,2016-04-19T18:58:11.376647+00:00,4284.1,23.0,8516,1,2,smart_tv,,
3527198,80089,1198,Raiders of the Lost Ark (Indiana Jones and the Raiders of the Lost Ark) (1981),Action,u80089-m1198-s1,segment_watch,2016-04-19T19:00:44.292184+00:00,4458.5,24.0,8516,1,2,smart_tv,,
3527199,80089,1198,Raiders of the Lost Ark (Indiana Jones and the Raiders of the Lost Ark) (1981),Action,u80089-m1198-s1,segment_watch,2016-04-19T19:02:43.856691+00:00,4638.6,25.0,8516,1,2,smart_tv,,
3527200,80089,1198,Raiders of the Lost Ark (Indiana Jones and the Raiders of the Lost Ark) (1981),Action,u80089-m1198-s1,segment_watch,2016-04-19T19:06:19.101196+00:00,4828.5,26.0,8516,1,2,smart_tv,,
3527201,80089,1198,Raiders of the Lost Ark (Indiana Jones and the Raiders of the Lost Ark) (1981),Action,u80089-m1198-s1,segment_watch,2016-04-19T19:07:50.082363+00:00,5003.8,27.0,8516,1,2,smart_tv,,
3527202,80089,1198,Raiders of the Lost Ark (Indiana Jones and the Raiders of the Lost Ark) (1981),Action,u80089-m1198-s1,seek_forward,2016-04-19T19:07:58.517022+00:00,5332.6,29.0,8516,1,2,smart_tv,,
3527203,80089,1198,Raiders of the Lost Ark (Indiana Jones and the Raiders of the Lost Ark) (1981),Action,u80089-m1198-s1,drop_off,2016-04-19T19:08:28.687325+00:00,5183.7,28.0,8516,1,2,smart_tv,,
3527258,80089,1198,Raiders of the Lost Ark (Indiana Jones and the Raiders of the Lost Ark) (1981),Action,u80089-m1198-s1,rating_given,2016-04-19T19:58:24.253049+00:00,,,8516,1,2,mobile,,3.0
1189551,143186,3020,Falling Down (1993),Action,u143186-m3020-s1,session_start,2016-10-10T01:59:29.207663+00:00,0.0,,6102,1,1,tablet,,
1189552,143186,3020,Falling Down (1993),Action,u143186-m3020-s1,pause,2016-10-10T02:00:45.458505+00:00,0.0,0.0,6102,1,1,tablet,,
1189553,143186,3020,Falling Down (1993),Action,u143186-m3020-s1,pause,2016-10-10T02:02:48.137558+00:00,0.0,0.0,6102,1,1,tablet,,
1189554,143186,3020,Falling Down (1993),Action,u143186-m3020-s1,segment_watch,2016-10-10T02:04:33.899363+00:00,196.0,1.0,6102,1,1,tablet,,
1189555,143186,3020,Falling Down (1993),Action,u143186-m3020-s1,pause,2016-10-10T02:05:56.416368+00:00,196.0,1.0,6102,1,1,tablet,,
1189556,143186,3020,Falling Down (1993),Action,u143186-m3020-s1,segment_watch,2016-10-10T02:08:24.242073+00:00,374.3,2.0,6102,1,1,tablet,,
1189557,143186,3020,Falling Down (1993),Action,u143186-m3020-s1,segment_watch,2016-10-10T02:09:58.336434+00:00,571.2,3.0,6102,1,1,tablet,,
1189558,143186,3020,Falling Down (1993),Action,u143186-m3020-s1,segment_watch,2016-10-10T02:13:15.872400+00:00,745.5,4.0,6102,1,1,tablet,,
1189559,143186,3020,Falling Down (1993),Action,u143186-m3020-s1,segment_watch,2016-10-10T02:16:59.404649+00:00,937.5,5.0,6102,1,1,tablet,,
1189560,143186,3020,Falling Down (1993),Action,u143186-m3020-s1,segment_watch,2016-10-10T02:19:34.385144+00:00,1130.7,6.0,6102,1,1,tablet,,
1189561,143186,3020,Falling Down (1993),Action,u143186-m3020-s1,pause,2016-10-10T02:22:57.690200+00:00,1130.7,6.0,6102,1,1,tablet,,
1189562,143186,3020,Falling Down (1993),Action,u143186-m3020-s1,segment_watch,2016-10-10T02:27:26.273892+00:00,1316.4,7.0,6102,1,1,tablet,,
1189563,143186,3020,Falling Down (1993),Action,u143186-m3020-s1,segment_watch,2016-10-10T02:29:30.941058+00:00,1482.3,8.0,6102,1,1,tablet,,
1189564,143186,3020,Falling Down (1993),Action,u143186-m3020-s1,pause,2016-10-10T02:30:55.585714+00:00,1482.3,8.0,6102,1,1,tablet,,
1189565,143186,3020,Falling Down (1993),Action,u143186-m3020-s1,seek_forward,2016-10-10T02:31:09.368248+00:00,1876.2,10.0,6102,1,1,tablet,,
1189566,143186,3020,Falling Down (1993),Action,u143186-m3020-s1,seek_forward,2016-10-10T02:31:39.604366+00:00,2318.1,12.0,6102,1,1,tablet,,
1189567,143186,3020,Falling Down (1993),Action,u143186-m3020-s1,seek_forward,2016-10-10T02:31:52.917095+00:00,2546.0,14.0,6102,1,1,tablet,,
1189568,143186,3020,Falling Down (1993),Action,u143186-m3020-s1,segment_watch,2016-10-10T02:33:37.144055+00:00,2732.2,15.0,6102,1,1,tablet,,
1189569,143186,3020,Falling Down (1993),Action,u143186-m3020-s1,segment_watch,2016-10-10T02:35:52.283127+00:00,2909.9,16.0,6102,1,1,tablet,,
1189570,143186,3020,Falling Down (1993),Action,u143186-m3020-s1,pause,2016-10-10T02:36:14.945609+00:00,2909.9,16.0,6102,1,1,tablet,,
1189571,143186,3020,Falling Down (1993),Action,u143186-m3020-s1,pause,2016-10-10T02:37:05.425083+00:00,2909.9,16.0,6102,1,1,tablet,,
1189572,143186,3020,Falling Down (1993),Action,u143186-m3020-s1,segment_watch,2016-10-10T02:38:59.748443+00:00,3078.5,17.0,6102,1,1,tablet,,
1189573,143186,3020,Falling Down (1993),Action,u143186-m3020-s1,pause,2016-10-10T02:39:55.378199+00:00,3078.5,17.0,6102,1,1,tablet,,
1189574,143186,3020,Falling Down (1993),Action,u143186-m3020-s1,segment_watch,2016-10-10T02:41:20.900758+00:00,3266.0,18.0,6102,1,1,tablet,,
1189575,143186,3020,Falling Down (1993),Action,u143186-m3020-s1,seek_forward,2016-10-10T02:42:18.430034+00:00,3748.2,20.0,6102,1,1,tablet,,
1189576,143186,3020,Falling Down (1993),Action,u143186-m3020-s1,seek_forward,2016-10-10T02:42:36.543314+00:00,4096.7,22.0,6102,1,1,tablet,,
1189577,143186,3020,Falling Down (1993),Action,u143186-m3020-s1,seek_forward,2016-10-10T02:43:14.991401+00:00,4322.6,24.0,6102,1,1,tablet,,
1189578,143186,3020,Falling Down (1993),Action,u143186-m3020-s1,segment_watch,2016-10-10T02:44:49.751099+00:00,4486.9,24.0,6102,1,1,tablet,,
1189579,143186,3020,Falling Down (1993),Action,u143186-m3020-s1,segment_watch,2016-10-10T02:47:40.448141+00:00,4676.3,25.0,6102,1,1,tablet,,
1189580,143186,3020,Falling Down (1993),Action,u143186-m3020-s1,seek_forward,2016-10-10T02:47:49.434899+00:00,5207.0,28.0,6102,1,1,tablet,,
1189581,143186,3020,Falling Down (1993),Action,u143186-m3020-s1,segment_watch,2016-10-10T02:49:35.233982+00:00,5401.6,30.0,6102,1,1,tablet,,
1189582,143186,3020,Falling Down (1993),Action,u143186-m3020-s1,segment_watch,2016-10-10T02:54:29.138816+00:00,5755.6,31.0,6102,1,1,tablet,,
1189583,143186,3020,Falling Down (1993),Action,u143186-m3020-s1,segment_watch,2016-10-10T02:56:17.576664+00:00,5947.1,33.0,6102,1,1,tablet,,
1189584,143186,3020,Falling Down (1993),Action,u143186-m3020-s1,session_end,2016-10-10T02:56:43.798425+00:00,5947.1,33.0,6102,1,1,tablet,,
1189585,143186,3020,Falling Down (1993),Action,u143186-m3020-s1,rating_given,2016-10-10T05:04:26.728117+00:00,,,6102,1,1,web,,3.0
684608,125633,1682,"Truman Show, The (1998)",Comedy,u125633-m1682-s3,session_start,2016-11-03T05:40:19.334796+00:00,0.0,,8097,3,4,mobile,,
684609,125633,1682,"Truman Show, The (1998)",Comedy,u125633-m1682-s3,pause,2016-11-03T05:44:02.726658+00:00,0.0,0.0,8097,3,4,mobile,,
684610,125633,1682,"Truman Show, The (1998)",Comedy,u125633-m1682-s3,segment_watch,2016-11-03T05:45:41.603721+00:00,189.8,1.0,8097,3,4,mobile,,
684611,125633,1682,"Truman Show, The (1998)",Comedy,u125633-m1682-s3,pause,2016-11-03T05:46:19.789849+00:00,189.8,1.0,8097,3,4,mobile,,
684612,125633,1682,"Truman Show, The (1998)",Comedy,u125633-m1682-s3,segment_watch,2016-11-03T05:48:10.634330+00:00,366.2,2.0,8097,3,4,mobile,,
684613,125633,1682,"Truman Show, The (1998)",Comedy,u125633-m1682-s3,segment_watch,2016-11-03T05:50:05.867609+00:00,548.2,3.0,8097,3,4,mobile,,
684614,125633,1682,"Truman Show, The (1998)",Comedy,u125633-m1682-s3,segment_watch,2016-11-03T05:54:25.525600+00:00,906.8,5.0,8097,3,4,mobile,,
684615,125633,1682,"Truman Show, The (1998)",Comedy,u125633-m1682-s3,pause,2016-11-03T05:54:53.023929+00:00,906.8,5.0,8097,3,4,mobile,,
684616,125633,1682,"Truman Show, The (1998)",Comedy,u125633-m1682-s3,segment_watch,2016-11-03T05:56:46.477651+00:00,1080.1,6.0,8097,3,4,mobile,,
684617,125633,1682,"Truman Show, The (1998)",Comedy,u125633-m1682-s3,segment_watch,2016-11-03T05:57:52.890231+00:00,1273.4,7.0,8097,3,4,mobile,,
684618,125633,1682,"Truman Show, The (1998)",Comedy,u125633-m1682-s3,pause,2016-11-03T05:59:02.735424+00:00,1273.4,7.0,8097,3,4,mobile,,
684619,125633,1682,"Truman Show, The (1998)",Comedy,u125633-m1682-s3,segment_watch,2016-11-03T06:04:27.679727+00:00,1633.2,9.0,8097,3,4,mobile,,
684620,125633,1682,"Truman Show, The (1998)",Comedy,u125633-m1682-s3,pause,2016-11-03T06:05:05.287177+00:00,1633.2,9.0,8097,3,4,mobile,,
684621,125633,1682,"Truman Show, The (1998)",Comedy,u125633-m1682-s3,segment_watch,2016-11-03T06:07:46.867242+00:00,1806.9,10.0,8097,3,4,mobile,,
684622,125633,1682,"Truman Show, The (1998)",Comedy,u125633-m1682-s3,seek_forward,2016-11-03T06:07:54.042315+00:00,2033.4,11.0,8097,3,4,mobile,,
684623,125633,1682,"Truman Show, The (1998)",Comedy,u125633-m1682-s3,seek_forward,2016-11-03T06:09:50.800284+00:00,2429.4,13.0,8097,3,4,mobile,,
684624,125633,1682,"Truman Show, The (1998)",Comedy,u125633-m1682-s3,segment_watch,2016-11-03T06:12:23.482188+00:00,2597.9,14.0,8097,3,4,mobile,,
684625,125633,1682,"Truman Show, The (1998)",Comedy,u125633-m1682-s3,segment_watch,2016-11-03T06:15:10.613996+00:00,2783.8,15.0,8097,3,4,mobile,,
684626,125633,1682,"Truman Show, The (1998)",Comedy,u125633-m1682-s3,segment_watch,2016-11-03T06:17:04.439200+00:00,2972.5,16.0,8097,3,4,mobile,,
684627,125633,1682,"Truman Show, The (1998)",Comedy,u125633-m1682-s3,seek_forward,2016-11-03T06:17:18.917083+00:00,3267.8,18.0,8097,3,4,mobile,,
684628,125633,1682,"Truman Show, The (1998)",Comedy,u125633-m1682-s3,segment_watch,2016-11-03T06:19:07.902124+00:00,3442.1,19.0,8097,3,4,mobile,,
684629,125633,1682,"Truman Show, The (1998)",Comedy,u125633-m1682-s3,seek_forward,2016-11-03T06:19:23.251384+00:00,3631.7,20.0,8097,3,4,mobile,,
684630,125633,1682,"Truman Show, The (1998)",Comedy,u125633-m1682-s3,segment_watch,2016-11-03T06:20:49.940488+00:00,3801.7,21.0,8097,3,4,mobile,,
684631,125633,1682,"Truman Show, The (1998)",Comedy,u125633-m1682-s3,segment_watch,2016-11-03T06:23:25.024073+00:00,3965.0,22.0,8097,3,4,mobile,,
684632,125633,1682,"Truman Show, The (1998)",Comedy,u125633-m1682-s3,segment_watch,2016-11-03T06:26:57.146936+00:00,4325.7,24.0,8097,3,4,mobile,,
684633,125633,1682,"Truman Show, The (1998)",Comedy,u125633-m1682-s3,seek_forward,2016-11-03T06:27:13.175919+00:00,4660.3,25.0,8097,3,4,mobile,,
684634,125633,1682,"Truman Show, The (1998)",Comedy,u125633-m1682-s3,seek_backward,2016-11-03T06:27:18.191897+00:00,5450.4,30.0,8097,3,4,mobile,,
684635,125633,1682,"Truman Show, The (1998)",Comedy,u125633-m1682-s3,segment_watch,2016-11-03T06:29:15.813860+00:00,5644.8,31.0,8097,3,4,mobile,,
684636,125633,1682,"Truman Show, The (1998)",Comedy,u125633-m1682-s3,segment_watch,2016-11-03T06:31:02.447902+00:00,5812.2,32.0,8097,3,4,mobile,,
684637,125633,1682,"Truman Show, The (1998)",Comedy,u125633-m1682-s3,segment_watch,2016-11-03T06:33:08.440145+00:00,6000.8,33.0,8097,3,4,mobile,,
684638,125633,1682,"Truman Show, The (1998)",Comedy,u125633-m1682-s3,segment_watch,2016-11-03T06:34:50.669533+00:00,6174.1,34.0,8097,3,4,mobile,,
684639,125633,1682,"Truman Show, The (1998)",Comedy,u125633-m1682-s3,segment_watch,2016-11-03T06:38:39.354145+00:00,6368.4,35.0,8097,3,4,mobile,,
684640,125633,1682,"Truman Show, The (1998)",Comedy,u125633-m1682-s3,segment_watch,2016-11-03T06:41:11.604905+00:00,6550.5,36.0,8097,3,4,mobile,,
684641,125633,1682,"Truman Show, The (1998)",Comedy,u125633-m1682-s3,segment_watch,2016-11-03T06:43:00.269219+00:00,6730.0,37.0,8097,3,4,mobile,,
684642,125633,1682,"Truman Show, The (1998)",Comedy,u125633-m1682-s3,pause,2016-11-03T06:48:33.601192+00:00,6730.0,37.0,8097,3,4,mobile,,
684643,125633,1682,"Truman Show, The (1998)",Comedy,u125633-m1682-s3,pause,2016-11-03T06:52:16.506712+00:00,6730.0,37.0,8097,3,4,mobile,,
684644,125633,1682,"Truman Show, The (1998)",Comedy,u125633-m1682-s3,segment_watch,2016-11-03T06:55:07.545972+00:00,6915.6,38.0,8097,3,4,mobile,,
684645,125633,1682,"Truman Show, The (1998)",Comedy,u125633-m1682-s3,segment_watch,2016-11-03T06:56:50.775060+00:00,7094.2,39.0,8097,3,4,mobile,,
684646,125633,1682,"Truman Show, The (1998)",Comedy,u125633-m1682-s3,segment_watch,2016-11-03T06:59:32.603274+00:00,7288.6,40.0,8097,3,4,mobile,,
684647,125633,1682,"Truman Show, The (1998)",Comedy,u125633-m1682-s3,segment_watch,2016-11-03T07:01:53.760445+00:00,7469.8,41.0,8097,3,4,mobile,,
684648,125633,1682,"Truman Show, The (1998)",Comedy,u125633-m1682-s3,segment_watch,2016-11-03T07:03:41.250002+00:00,7638.6,42.0,8097,3,4,mobile,,
684649,125633,1682,"Truman Show, The (1998)",Comedy,u125633-m1682-s3,segment_watch,2016-11-03T07:06:33.148179+00:00,7821.3,43.0,8097,3,4,mobile,,
684650,125633,1682,"Truman Show, The (1998)",Comedy,u125633-m1682-s3,segment_watch,2016-11-03T07:08:39.255855+00:00,8001.2,44.0,8097,3,4,mobile,,
684651,125633,1682,"Truman Show, The (1998)",Comedy,u125633-m1682-s3,session_end,2016-11-03T07:09:22.486781+00:00,8001.2,44.0,8097,3,4,mobile,,
1868254,19688,148626,"Big Short, The (2015)",Drama,u19688-m148626-s1,session_start,2017-12-21T04:01:00.986110+00:00,0.0,,3771,1,2,smart_tv,,
1868255,19688,148626,"Big Short, The (2015)",Drama,u19688-m148626-s1,seek_forward,2017-12-21T04:01:24.523131+00:00,438.6,2.0,3771,1,2,smart_tv,,
1868256,19688,148626,"Big Short, The (2015)",Drama,u19688-m148626-s1,pause,2017-12-21T04:01:59.000345+00:00,438.6,2.0,3771,1,2,smart_tv,,
1868257,19688,148626,"Big Short, The (2015)",Drama,u19688-m148626-s1,segment_watch,2017-12-21T04:03:47.111324+00:00,614.1,3.0,3771,1,2,smart_tv,,
1868258,19688,148626,"Big Short, The (2015)",Drama,u19688-m148626-s1,pause,2017-12-21T04:07:38.193446+00:00,614.1,3.0,3771,1,2,smart_tv,,
1868259,19688,148626,"Big Short, The (2015)",Drama,u19688-m148626-s1,pause,2017-12-21T04:10:22.407210+00:00,614.1,3.0,3771,1,2,smart_tv,,
1868260,19688,148626,"Big Short, The (2015)",Drama,u19688-m148626-s1,segment_watch,2017-12-21T04:12:26.479254+00:00,792.9,4.0,3771,1,2,smart_tv,,
1868261,19688,148626,"Big Short, The (2015)",Drama,u19688-m148626-s1,pause,2017-12-21T04:17:08.310988+00:00,792.9,4.0,3771,1,2,smart_tv,,
1868262,19688,148626,"Big Short, The (2015)",Drama,u19688-m148626-s1,segment_watch,2017-12-21T04:19:43.793279+00:00,968.9,5.0,3771,1,2,smart_tv,,
1868263,19688,148626,"Big Short, The (2015)",Drama,u19688-m148626-s1,segment_watch,2017-12-21T04:22:25.655877+00:00,1151.3,6.0,3771,1,2,smart_tv,,
1868264,19688,148626,"Big Short, The (2015)",Drama,u19688-m148626-s1,segment_watch,2017-12-21T04:24:55.284769+00:00,1337.3,7.0,3771,1,2,smart_tv,,
1868265,19688,148626,"Big Short, The (2015)",Drama,u19688-m148626-s1,seek_forward,2017-12-21T04:25:10.293762+00:00,1734.7,9.0,3771,1,2,smart_tv,,
1868266,19688,148626,"Big Short, The (2015)",Drama,u19688-m148626-s1,segment_watch,2017-12-21T04:28:13.704647+00:00,1922.4,10.0,3771,1,2,smart_tv,,
1868267,19688,148626,"Big Short, The (2015)",Drama,u19688-m148626-s1,segment_watch,2017-12-21T04:30:13.366235+00:00,2089.3,11.0,3771,1,2,smart_tv,,
1868268,19688,148626,"Big Short, The (2015)",Drama,u19688-m148626-s1,pause,2017-12-21T04:31:21.275208+00:00,2089.3,11.0,3771,1,2,smart_tv,,
1868269,19688,148626,"Big Short, The (2015)",Drama,u19688-m148626-s1,pause,2017-12-21T04:32:02.949948+00:00,2089.3,11.0,3771,1,2,smart_tv,,
1868270,19688,148626,"Big Short, The (2015)",Drama,u19688-m148626-s1,segment_watch,2017-12-21T04:33:10.290854+00:00,2258.4,12.0,3771,1,2,smart_tv,,
1868271,19688,148626,"Big Short, The (2015)",Drama,u19688-m148626-s1,pause,2017-12-21T04:34:50.127439+00:00,2258.4,12.0,3771,1,2,smart_tv,,
1868272,19688,148626,"Big Short, The (2015)",Drama,u19688-m148626-s1,segment_watch,2017-12-21T04:36:50.578604+00:00,2441.7,13.0,3771,1,2,smart_tv,,
1868273,19688,148626,"Big Short, The (2015)",Drama,u19688-m148626-s1,segment_watch,2017-12-21T04:38:30.136621+00:00,2633.6,14.0,3771,1,2,smart_tv,,
1868274,19688,148626,"Big Short, The (2015)",Drama,u19688-m148626-s1,pause,2017-12-21T04:39:39.989083+00:00,2633.6,14.0,3771,1,2,smart_tv,,
1868275,19688,148626,"Big Short, The (2015)",Drama,u19688-m148626-s1,segment_watch,2017-12-21T04:42:19.307410+00:00,2806.2,15.0,3771,1,2,smart_tv,,
1868276,19688,148626,"Big Short, The (2015)",Drama,u19688-m148626-s1,segment_watch,2017-12-21T04:43:57.484786+00:00,2970.0,16.0,3771,1,2,smart_tv,,
1868277,19688,148626,"Big Short, The (2015)",Drama,u19688-m148626-s1,segment_watch,2017-12-21T04:45:28.774588+00:00,3162.3,17.0,3771,1,2,smart_tv,,
1868278,19688,148626,"Big Short, The (2015)",Drama,u19688-m148626-s1,segment_watch,2017-12-21T04:48:16.856233+00:00,3339.1,18.0,3771,1,2,smart_tv,,
1868279,19688,148626,"Big Short, The (2015)",Drama,u19688-m148626-s1,segment_watch,2017-12-21T04:51:29.277173+00:00,3535.2,19.0,3771,1,2,smart_tv,,
1868280,19688,148626,"Big Short, The (2015)",Drama,u19688-m148626-s1,drop_off,2017-12-21T04:52:10.963181+00:00,2926.4,16.0,3771,1,2,smart_tv,,
1868309,19688,148626,"Big Short, The (2015)",Drama,u19688-m148626-s1,rating_given,2017-12-21T06:02:21.546806+00:00,,,3771,1,2,web,,3.5
2568061,8665,106782,"Wolf of Wall Street, The (2013)",Comedy,u8665-m106782-s1,session_start,2018-01-01T01:25:25.377564+00:00,0.0,,7333,1,1,tablet,,
2568062,8665,106782,"Wolf of Wall Street, The (2013)",Comedy,u8665-m106782-s1,segment_watch,2018-01-01T01:26:49.938690+00:00,163.3,0.0,7333,1,1,tablet,,
2568063,8665,106782,"Wolf of Wall Street, The (2013)",Comedy,u8665-m106782-s1,segment_watch,2018-01-01T01:29:02.235671+00:00,325.3,1.0,7333,1,1,tablet,,
2568064,8665,106782,"Wolf of Wall Street, The (2013)",Comedy,u8665-m106782-s1,seek_forward,2018-01-01T01:29:05.985908+00:00,605.1,3.0,7333,1,1,tablet,,
2568065,8665,106782,"Wolf of Wall Street, The (2013)",Comedy,u8665-m106782-s1,segment_watch,2018-01-01T01:30:20.312784+00:00,769.5,4.0,7333,1,1,tablet,,
2568066,8665,106782,"Wolf of Wall Street, The (2013)",Comedy,u8665-m106782-s1,seek_forward,2018-01-01T01:30:50.280629+00:00,1117.7,6.0,7333,1,1,tablet,,
2568067,8665,106782,"Wolf of Wall Street, The (2013)",Comedy,u8665-m106782-s1,seek_forward,2018-01-01T01:31:19.983585+00:00,1381.2,7.0,7333,1,1,tablet,,
2568068,8665,106782,"Wolf of Wall Street, The (2013)",Comedy,u8665-m106782-s1,segment_watch,2018-01-01T01:32:24.931206+00:00,1564.0,8.0,7333,1,1,tablet,,
2568069,8665,106782,"Wolf of Wall Street, The (2013)",Comedy,u8665-m106782-s1,segment_watch,2018-01-01T01:35:07.221163+00:00,1732.5,9.0,7333,1,1,tablet,,
2568070,8665,106782,"Wolf of Wall Street, The (2013)",Comedy,u8665-m106782-s1,seek_forward,2018-01-01T01:35:36.876906+00:00,2348.7,13.0,7333,1,1,tablet,,
2568071,8665,106782,"Wolf of Wall Street, The (2013)",Comedy,u8665-m106782-s1,segment_watch,2018-01-01T01:37:24.407938+00:00,2541.0,14.0,7333,1,1,tablet,,
2568072,8665,106782,"Wolf of Wall Street, The (2013)",Comedy,u8665-m106782-s1,segment_watch,2018-01-01T01:39:01.242446+00:00,2720.2,15.0,7333,1,1,tablet,,
2568073,8665,106782,"Wolf of Wall Street, The (2013)",Comedy,u8665-m106782-s1,segment_watch,2018-01-01T01:40:27.431376+00:00,2897.8,16.0,7333,1,1,tablet,,
2568074,8665,106782,"Wolf of Wall Street, The (2013)",Comedy,u8665-m106782-s1,pause,2018-01-01T01:40:54.255230+00:00,2897.8,16.0,7333,1,1,tablet,,
2568075,8665,106782,"Wolf of Wall Street, The (2013)",Comedy,u8665-m106782-s1,pause,2018-01-01T01:42:27.034886+00:00,2897.8,16.0,7333,1,1,tablet,,
2568076,8665,106782,"Wolf of Wall Street, The (2013)",Comedy,u8665-m106782-s1,segment_watch,2018-01-01T01:45:59.944346+00:00,3067.6,17.0,7333,1,1,tablet,,
2568077,8665,106782,"Wolf of Wall Street, The (2013)",Comedy,u8665-m106782-s1,segment_watch,2018-01-01T01:48:46.888706+00:00,3257.1,18.0,7333,1,1,tablet,,
2568078,8665,106782,"Wolf of Wall Street, The (2013)",Comedy,u8665-m106782-s1,segment_watch,2018-01-01T01:51:21.354535+00:00,3437.7,19.0,7333,1,1,tablet,,
2568079,8665,106782,"Wolf of Wall Street, The (2013)",Comedy,u8665-m106782-s1,seek_backward,2018-01-01T01:51:35.519352+00:00,4047.2,22.0,7333,1,1,tablet,,
2568080,8665,106782,"Wolf of Wall Street, The (2013)",Comedy,u8665-m106782-s1,seek_forward,2018-01-01T01:51:52.385189+00:00,4352.5,24.0,7333,1,1,tablet,,
2568081,8665,106782,"Wolf of Wall Street, The (2013)",Comedy,u8665-m106782-s1,seek_backward,2018-01-01T01:52:13.263994+00:00,4050.5,22.0,7333,1,1,tablet,,
2568082,8665,106782,"Wolf of Wall Street, The (2013)",Comedy,u8665-m106782-s1,seek_backward,2018-01-01T01:54:13.367067+00:00,3991.1,22.0,7333,1,1,tablet,,
2568083,8665,106782,"Wolf of Wall Street, The (2013)",Comedy,u8665-m106782-s1,segment_watch,2018-01-01T01:58:24.062720+00:00,4162.5,23.0,7333,1,1,tablet,,
2568084,8665,106782,"Wolf of Wall Street, The (2013)",Comedy,u8665-m106782-s1,segment_watch,2018-01-01T01:59:54.196152+00:00,4342.6,24.0,7333,1,1,tablet,,
2568085,8665,106782,"Wolf of Wall Street, The (2013)",Comedy,u8665-m106782-s1,seek_forward,2018-01-01T02:00:04.717871+00:00,5042.9,28.0,7333,1,1,tablet,,
2568086,8665,106782,"Wolf of Wall Street, The (2013)",Comedy,u8665-m106782-s1,pause,2018-01-01T02:01:28.495420+00:00,5042.9,28.0,7333,1,1,tablet,,
2568087,8665,106782,"Wolf of Wall Street, The (2013)",Comedy,u8665-m106782-s1,segment_watch,2018-01-01T02:04:05.760882+00:00,5223.1,29.0,7333,1,1,tablet,,
2568088,8665,106782,"Wolf of Wall Street, The (2013)",Comedy,u8665-m106782-s1,segment_watch,2018-01-01T02:05:19.599527+00:00,5413.5,30.0,7333,1,1,tablet,,
2568089,8665,106782,"Wolf of Wall Street, The (2013)",Comedy,u8665-m106782-s1,seek_forward,2018-01-01T02:05:33.906225+00:00,5695.3,31.0,7333,1,1,tablet,,
2568090,8665,106782,"Wolf of Wall Street, The (2013)",Comedy,u8665-m106782-s1,seek_forward,2018-01-01T02:06:09.927461+00:00,6093.7,33.0,7333,1,1,tablet,,
2568091,8665,106782,"Wolf of Wall Street, The (2013)",Comedy,u8665-m106782-s1,segment_watch,2018-01-01T02:07:50.092205+00:00,6289.5,34.0,7333,1,1,tablet,,
2568092,8665,106782,"Wolf of Wall Street, The (2013)",Comedy,u8665-m106782-s1,pause,2018-01-01T02:11:13.985500+00:00,6289.5,34.0,7333,1,1,tablet,,
2568093,8665,106782,"Wolf of Wall Street, The (2013)",Comedy,u8665-m106782-s1,segment_watch,2018-01-01T02:12:36.402792+00:00,6472.1,35.0,7333,1,1,tablet,,
2568094,8665,106782,"Wolf of Wall Street, The (2013)",Comedy,u8665-m106782-s1,segment_watch,2018-01-01T02:14:53.532918+00:00,6659.2,36.0,7333,1,1,tablet,,
2568095,8665,106782,"Wolf of Wall Street, The (2013)",Comedy,u8665-m106782-s1,pause,2018-01-01T02:15:48.164908+00:00,6659.2,36.0,7333,1,1,tablet,,
2568096,8665,106782,"Wolf of Wall Street, The (2013)",Comedy,u8665-m106782-s1,segment_watch,2018-01-01T02:18:01.325624+00:00,6823.6,37.0,7333,1,1,tablet,,
2568097,8665,106782,"Wolf of Wall Street, The (2013)",Comedy,u8665-m106782-s1,segment_watch,2018-01-01T02:20:22.870121+00:00,6999.1,38.0,7333,1,1,tablet,,
2568098,8665,106782,"Wolf of Wall Street, The (2013)",Comedy,u8665-m106782-s1,segment_watch,2018-01-01T02:22:39.127415+00:00,7190.0,39.0,7333,1,1,tablet,,
2568099,8665,106782,"Wolf of Wall Street, The (2013)",Comedy,u8665-m106782-s1,session_end,2018-01-01T02:23:07.356013+00:00,7190.0,39.0,7333,1,1,tablet,,
2568100,8665,106782,"Wolf of Wall Street, The (2013)",Comedy,u8665-m106782-s1,rating_given,2018-01-01T05:18:04.636894+00:00,,,7333,1,1,mobile,,4.0
734169,100354,63992,Twilight (2008),Drama,u100354-m63992-s1,session_start,2018-01-16T14:35:33.143242+00:00,0.0,,7362,1,1,web,,
734170,100354,63992,Twilight (2008),Drama,u100354-m63992-s1,seek_forward,2018-01-16T14:36:03.537064+00:00,307.0,1.0,7362,1,1,web,,
734171,100354,63992,Twilight (2008),Drama,u100354-m63992-s1,seek_forward,2018-01-16T14:36:17.227204+00:00,890.2,4.0,7362,1,1,web,,
734172,100354,63992,Twilight (2008),Drama,u100354-m63992-s1,pause,2018-01-16T14:37:16.927846+00:00,890.2,4.0,7362,1,1,web,,
734173,100354,63992,Twilight (2008),Drama,u100354-m63992-s1,pause,2018-01-16T14:38:44.285704+00:00,890.2,4.0,7362,1,1,web,,
734174,100354,63992,Twilight (2008),Drama,u100354-m63992-s1,pause,2018-01-16T14:41:19.563272+00:00,890.2,4.0,7362,1,1,web,,
734175,100354,63992,Twilight (2008),Drama,u100354-m63992-s1,segment_watch,2018-01-16T14:44:39.941606+00:00,1055.5,5.0,7362,1,1,web,,
734176,100354,63992,Twilight (2008),Drama,u100354-m63992-s1,segment_watch,2018-01-16T14:46:38.370644+00:00,1225.9,6.0,7362,1,1,web,,
734177,100354,63992,Twilight (2008),Drama,u100354-m63992-s1,pause,2018-01-16T14:48:02.816992+00:00,1225.9,6.0,7362,1,1,web,,
734178,100354,63992,Twilight (2008),Drama,u100354-m63992-s1,segment_watch,2018-01-16T14:49:47.900312+00:00,1412.6,7.0,7362,1,1,web,,
734179,100354,63992,Twilight (2008),Drama,u100354-m63992-s1,segment_watch,2018-01-16T14:51:26.541305+00:00,1579.0,8.0,7362,1,1,web,,
734180,100354,63992,Twilight (2008),Drama,u100354-m63992-s1,segment_watch,2018-01-16T14:54:14.362138+00:00,1772.9,9.0,7362,1,1,web,,
734181,100354,63992,Twilight (2008),Drama,u100354-m63992-s1,segment_watch,2018-01-16T14:56:42.257095+00:00,1958.7,10.0,7362,1,1,web,,
734182,100354,63992,Twilight (2008),Drama,u100354-m63992-s1,segment_watch,2018-01-16T14:59:25.613335+00:00,2144.0,11.0,7362,1,1,web,,
734183,100354,63992,Twilight (2008),Drama,u100354-m63992-s1,segment_watch,2018-01-16T15:01:10.373299+00:00,2314.7,12.0,7362,1,1,web,,
734184,100354,63992,Twilight (2008),Drama,u100354-m63992-s1,segment_watch,2018-01-16T15:03:24.542426+00:00,2511.4,13.0,7362,1,1,web,,
734185,100354,63992,Twilight (2008),Drama,u100354-m63992-s1,segment_watch,2018-01-16T15:04:39.516040+00:00,2682.7,14.0,7362,1,1,web,,
734186,100354,63992,Twilight (2008),Drama,u100354-m63992-s1,pause,2018-01-16T15:05:32.229084+00:00,2682.7,14.0,7362,1,1,web,,
734187,100354,63992,Twilight (2008),Drama,u100354-m63992-s1,seek_forward,2018-01-16T15:06:24.357337+00:00,3277.5,18.0,7362,1,1,web,,
734188,100354,63992,Twilight (2008),Drama,u100354-m63992-s1,segment_watch,2018-01-16T15:09:50.510783+00:00,3454.1,19.0,7362,1,1,web,,
734189,100354,63992,Twilight (2008),Drama,u100354-m63992-s1,pause,2018-01-16T15:12:03.289437+00:00,3454.1,19.0,7362,1,1,web,,
734190,100354,63992,Twilight (2008),Drama,u100354-m63992-s1,pause,2018-01-16T15:12:46.931034+00:00,3454.1,19.0,7362,1,1,web,,
734191,100354,63992,Twilight (2008),Drama,u100354-m63992-s1,segment_watch,2018-01-16T15:14:20.383331+00:00,3622.9,20.0,7362,1,1,web,,
734192,100354,63992,Twilight (2008),Drama,u100354-m63992-s1,pause,2018-01-16T15:14:52.418840+00:00,3622.9,20.0,7362,1,1,web,,
734193,100354,63992,Twilight (2008),Drama,u100354-m63992-s1,segment_watch,2018-01-16T15:16:53.228925+00:00,3820.7,21.0,7362,1,1,web,,
734194,100354,63992,Twilight (2008),Drama,u100354-m63992-s1,seek_forward,2018-01-16T15:17:11.366666+00:00,4278.2,23.0,7362,1,1,web,,
734195,100354,63992,Twilight (2008),Drama,u100354-m63992-s1,segment_watch,2018-01-16T15:18:52.453373+00:00,4464.9,24.0,7362,1,1,web,,
734196,100354,63992,Twilight (2008),Drama,u100354-m63992-s1,segment_watch,2018-01-16T15:20:29.282350+00:00,4654.5,25.0,7362,1,1,web,,
734197,100354,63992,Twilight (2008),Drama,u100354-m63992-s1,segment_watch,2018-01-16T15:22:03.302464+00:00,4818.1,26.0,7362,1,1,web,,
734198,100354,63992,Twilight (2008),Drama,u100354-m63992-s1,drop_off,2018-01-16T15:22:27.267775+00:00,4598.0,25.0,7362,1,1,web,,
734199,100354,63992,Twilight (2008),Drama,u100354-m63992-s1,rating_given,2018-01-16T17:28:13.545444+00:00,,,7362,1,1,smart_tv,,1.0
1299325,51297,6539,Pirates of the Caribbean: The Curse of the Black Pearl (2003),Action,u51297-m6539-s1,session_start,2018-05-21T11:19:27.193741+00:00,0.0,,6586,1,2,smart_tv,,
1299326,51297,6539,Pirates of the Caribbean: The Curse of the Black Pearl (2003),Action,u51297-m6539-s1,segment_watch,2018-05-21T11:20:56.335359+00:00,196.8,1.0,6586,1,2,smart_tv,,
1299327,51297,6539,Pirates of the Caribbean: The Curse of the Black Pearl (2003),Action,u51297-m6539-s1,segment_watch,2018-05-21T11:22:13.584995+00:00,377.8,2.0,6586,1,2,smart_tv,,
1299328,51297,6539,Pirates of the Caribbean: The Curse of the Black Pearl (2003),Action,u51297-m6539-s1,segment_watch,2018-05-21T11:25:03.294116+00:00,570.9,3.0,6586,1,2,smart_tv,,
1299329,51297,6539,Pirates of the Caribbean: The Curse of the Black Pearl (2003),Action,u51297-m6539-s1,segment_watch,2018-05-21T11:27:06.689266+00:00,761.4,4.0,6586,1,2,smart_tv,,
1299330,51297,6539,Pirates of the Caribbean: The Curse of the Black Pearl (2003),Action,u51297-m6539-s1,segment_watch,2018-05-21T11:28:32.269709+00:00,944.6,5.0,6586,1,2,smart_tv,,
1299331,51297,6539,Pirates of the Caribbean: The Curse of the Black Pearl (2003),Action,u51297-m6539-s1,seek_forward,2018-05-21T11:29:10.798114+00:00,1577.0,8.0,6586,1,2,smart_tv,,
1299332,51297,6539,Pirates of the Caribbean: The Curse of the Black Pearl (2003),Action,u51297-m6539-s1,segment_watch,2018-05-21T11:31:44.627694+00:00,1771.7,9.0,6586,1,2,smart_tv,,
1299333,51297,6539,Pirates of the Caribbean: The Curse of the Black Pearl (2003),Action,u51297-m6539-s1,pause,2018-05-21T11:32:28.224442+00:00,1771.7,9.0,6586,1,2,smart_tv,,
1299334,51297,6539,Pirates of the Caribbean: The Curse of the Black Pearl (2003),Action,u51297-m6539-s1,segment_watch,2018-05-21T11:34:17.253272+00:00,1954.5,10.0,6586,1,2,smart_tv,,
1299335,51297,6539,Pirates of the Caribbean: The Curse of the Black Pearl (2003),Action,u51297-m6539-s1,seek_forward,2018-05-21T11:34:36.987835+00:00,2324.8,12.0,6586,1,2,smart_tv,,
1299336,51297,6539,Pirates of the Caribbean: The Curse of the Black Pearl (2003),Action,u51297-m6539-s1,segment_watch,2018-05-21T11:36:25.078745+00:00,2508.3,13.0,6586,1,2,smart_tv,,
1299337,51297,6539,Pirates of the Caribbean: The Curse of the Black Pearl (2003),Action,u51297-m6539-s1,pause,2018-05-21T11:36:52.909548+00:00,2508.3,13.0,6586,1,2,smart_tv,,
1299338,51297,6539,Pirates of the Caribbean: The Curse of the Black Pearl (2003),Action,u51297-m6539-s1,segment_watch,2018-05-21T11:39:35.919616+00:00,2677.2,14.0,6586,1,2,smart_tv,,
1299339,51297,6539,Pirates of the Caribbean: The Curse of the Black Pearl (2003),Action,u51297-m6539-s1,segment_watch,2018-05-21T11:41:30.549041+00:00,2861.2,15.0,6586,1,2,smart_tv,,
1299340,51297,6539,Pirates of the Caribbean: The Curse of the Black Pearl (2003),Action,u51297-m6539-s1,segment_watch,2018-05-21T11:43:44.569442+00:00,3034.3,16.0,6586,1,2,smart_tv,,
1299341,51297,6539,Pirates of the Caribbean: The Curse of the Black Pearl (2003),Action,u51297-m6539-s1,pause,2018-05-21T11:45:00.423468+00:00,3034.3,16.0,6586,1,2,smart_tv,,
1299342,51297,6539,Pirates of the Caribbean: The Curse of the Black Pearl (2003),Action,u51297-m6539-s1,segment_watch,2018-05-21T11:47:54.876699+00:00,3226.0,17.0,6586,1,2,smart_tv,,
1299343,51297,6539,Pirates of the Caribbean: The Curse of the Black Pearl (2003),Action,u51297-m6539-s1,segment_watch,2018-05-21T11:49:32.388152+00:00,3397.5,18.0,6586,1,2,smart_tv,,
1299344,51297,6539,Pirates of the Caribbean: The Curse of the Black Pearl (2003),Action,u51297-m6539-s1,seek_forward,2018-05-21T11:49:54.678459+00:00,3641.6,20.0,6586,1,2,smart_tv,,
1299345,51297,6539,Pirates of the Caribbean: The Curse of the Black Pearl (2003),Action,u51297-m6539-s1,segment_watch,2018-05-21T11:51:26.035290+00:00,3817.7,21.0,6586,1,2,smart_tv,,
1299346,51297,6539,Pirates of the Caribbean: The Curse of the Black Pearl (2003),Action,u51297-m6539-s1,segment_watch,2018-05-21T11:54:47.127638+00:00,3992.1,22.0,6586,1,2,smart_tv,,
1299347,51297,6539,Pirates of the Caribbean: The Curse of the Black Pearl (2003),Action,u51297-m6539-s1,segment_watch,2018-05-21T11:57:55.442209+00:00,4178.5,23.0,6586,1,2,smart_tv,,
1299348,51297,6539,Pirates of the Caribbean: The Curse of the Black Pearl (2003),Action,u51297-m6539-s1,segment_watch,2018-05-21T12:01:56.684087+00:00,4370.7,24.0,6586,1,2,smart_tv,,
1299349,51297,6539,Pirates of the Caribbean: The Curse of the Black Pearl (2003),Action,u51297-m6539-s1,pause,2018-05-21T12:03:47.440368+00:00,4370.7,24.0,6586,1,2,smart_tv,,
1299350,51297,6539,Pirates of the Caribbean: The Curse of the Black Pearl (2003),Action,u51297-m6539-s1,pause,2018-05-21T12:08:54.483987+00:00,4370.7,24.0,6586,1,2,smart_tv,,
1299351,51297,6539,Pirates of the Caribbean: The Curse of the Black Pearl (2003),Action,u51297-m6539-s1,segment_watch,2018-05-21T12:11:13.940587+00:00,4557.0,25.0,6586,1,2,smart_tv,,
1299352,51297,6539,Pirates of the Caribbean: The Curse of the Black Pearl (2003),Action,u51297-m6539-s1,pause,2018-05-21T12:12:29.809819+00:00,4557.0,25.0,6586,1,2,smart_tv,,
1299353,51297,6539,Pirates of the Caribbean: The Curse of the Black Pearl (2003),Action,u51297-m6539-s1,segment_watch,2018-05-21T12:14:54.583824+00:00,4722.7,26.0,6586,1,2,smart_tv,,
1299354,51297,6539,Pirates of the Caribbean: The Curse of the Black Pearl (2003),Action,u51297-m6539-s1,segment_watch,2018-05-21T12:16:57.046414+00:00,4886.3,27.0,6586,1,2,smart_tv,,
1299355,51297,6539,Pirates of the Caribbean: The Curse of the Black Pearl (2003),Action,u51297-m6539-s1,segment_watch,2018-05-21T12:20:47.356140+00:00,5061.7,28.0,6586,1,2,smart_tv,,
1299356,51297,6539,Pirates of the Caribbean: The Curse of the Black Pearl (2003),Action,u51297-m6539-s1,pause,2018-05-21T12:21:42.084172+00:00,5061.7,28.0,6586,1,2,smart_tv,,
1299357,51297,6539,Pirates of the Caribbean: The Curse of the Black Pearl (2003),Action,u51297-m6539-s1,pause,2018-05-21T12:23:22.778143+00:00,5061.7,28.0,6586,1,2,smart_tv,,
1299358,51297,6539,Pirates of the Caribbean: The Curse of the Black Pearl (2003),Action,u51297-m6539-s1,pause,2018-05-21T12:24:06.513069+00:00,5061.7,28.0,6586,1,2,smart_tv,,
1299359,51297,6539,Pirates of the Caribbean: The Curse of the Black Pearl (2003),Action,u51297-m6539-s1,segment_watch,2018-05-21T12:25:33.985672+00:00,5241.8,29.0,6586,1,2,smart_tv,,
1299360,51297,6539,Pirates of the Caribbean: The Curse of the Black Pearl (2003),Action,u51297-m6539-s1,pause,2018-05-21T12:27:26.036864+00:00,5241.8,29.0,6586,1,2,smart_tv,,
1299361,51297,6539,Pirates of the Caribbean: The Curse of the Black Pearl (2003),Action,u51297-m6539-s1,segment_watch,2018-05-21T12:29:14.842412+00:00,5436.9,30.0,6586,1,2,smart_tv,,
1299362,51297,6539,Pirates of the Caribbean: The Curse of the Black Pearl (2003),Action,u51297-m6539-s1,pause,2018-05-21T12:38:23.943182+00:00,5436.9,30.0,6586,1,2,smart_tv,,
1299363,51297,6539,Pirates of the Caribbean: The Curse of the Black Pearl (2003),Action,u51297-m6539-s1,pause,2018-05-21T12:43:07.476363+00:00,5436.9,30.0,6586,1,2,smart_tv,,
1299364,51297,6539,Pirates of the Caribbean: The Curse of the Black Pearl (2003),Action,u51297-m6539-s1,pause,2018-05-21T12:43:57.288426+00:00,5436.9,30.0,6586,1,2,smart_tv,,
1299365,51297,6539,Pirates of the Caribbean: The Curse of the Black Pearl (2003),Action,u51297-m6539-s1,pause,2018-05-21T12:50:17.694060+00:00,5436.9,30.0,6586,1,2,smart_tv,,
1299366,51297,6539,Pirates of the Caribbean: The Curse of the Black Pearl (2003),Action,u51297-m6539-s1,segment_watch,2018-05-21T12:52:51.292833+00:00,5627.7,31.0,6586,1,2,smart_tv,,
1299367,51297,6539,Pirates of the Caribbean: The Curse of the Black Pearl (2003),Action,u51297-m6539-s1,pause,2018-05-21T12:53:35.586332+00:00,5627.7,31.0,6586,1,2,smart_tv,,
1299368,51297,6539,Pirates of the Caribbean: The Curse of the Black Pearl (2003),Action,u51297-m6539-s1,segment_watch,2018-05-21T12:56:30.689317+00:00,5796.5,32.0,6586,1,2,smart_tv,,
1299369,51297,6539,Pirates of the Caribbean: The Curse of the Black Pearl (2003),Action,u51297-m6539-s1,segment_watch,2018-05-21T12:57:32.028352+00:00,5973.6,33.0,6586,1,2,smart_tv,,
1299370,51297,6539,Pirates of the Caribbean: The Curse of the Black Pearl (2003),Action,u51297-m6539-s1,segment_watch,2018-05-21T12:59:44.774980+00:00,6168.1,34.0,6586,1,2,smart_tv,,
1299371,51297,6539,Pirates of the Caribbean: The Curse of the Black Pearl (2003),Action,u51297-m6539-s1,segment_watch,2018-05-21T13:01:29.930806+00:00,6343.8,35.0,6586,1,2,smart_tv,,
1299372,51297,6539,Pirates of the Caribbean: The Curse of the Black Pearl (2003),Action,u51297-m6539-s1,segment_watch,2018-05-21T13:04:27.797553+00:00,6519.7,36.0,6586,1,2,smart_tv,,
1299373,51297,6539,Pirates of the Caribbean: The Curse of the Black Pearl (2003),Action,u51297-m6539-s1,session_end,2018-05-21T13:04:59.277795+00:00,6519.7,36.0,6586,1,2,smart_tv,,
1299415,51297,6539,Pirates of the Caribbean: The Curse of the Black Pearl (2003),Action,u51297-m6539-s1,rating_given,2018-05-21T15:00:02.829029+00:00,,,6586,1,2,web,,4.5
513960,31755,174473,Altitude (2017),Action,u31755-m174473-s1,session_start,2018-06-09T05:41:22.795614+00:00,0.0,,7402,1,3,tablet,,
513961,31755,174473,Altitude (2017),Action,u31755-m174473-s1,segment_watch,2018-06-09T05:43:35.717197+00:00,194.8,1.0,7402,1,3,tablet,,
513962,31755,174473,Altitude (2017),Action,u31755-m174473-s1,pause,2018-06-09T05:44:57.606973+00:00,194.8,1.0,7402,1,3,tablet,,
513963,31755,174473,Altitude (2017),Action,u31755-m174473-s1,pause,2018-06-09T05:46:34.395504+00:00,194.8,1.0,7402,1,3,tablet,,
513964,31755,174473,Altitude (2017),Action,u31755-m174473-s1,pause,2018-06-09T05:46:47.053442+00:00,194.8,1.0,7402,1,3,tablet,,
513965,31755,174473,Altitude (2017),Action,u31755-m174473-s1,segment_watch,2018-06-09T05:49:50.808995+00:00,388.9,2.0,7402,1,3,tablet,,
513966,31755,174473,Altitude (2017),Action,u31755-m174473-s1,seek_forward,2018-06-09T05:49:58.999623+00:00,632.5,3.0,7402,1,3,tablet,,
513967,31755,174473,Altitude (2017),Action,u31755-m174473-s1,segment_watch,2018-06-09T05:51:41.166105+00:00,823.1,4.0,7402,1,3,tablet,,
513968,31755,174473,Altitude (2017),Action,u31755-m174473-s1,segment_watch,2018-06-09T05:54:56.448117+00:00,995.5,5.0,7402,1,3,tablet,,
513969,31755,174473,Altitude (2017),Action,u31755-m174473-s1,pause,2018-06-09T05:55:36.288687+00:00,995.5,5.0,7402,1,3,tablet,,
513970,31755,174473,Altitude (2017),Action,u31755-m174473-s1,segment_watch,2018-06-09T05:58:29.162812+00:00,1185.5,6.0,7402,1,3,tablet,,
513971,31755,174473,Altitude (2017),Action,u31755-m174473-s1,pause,2018-06-09T06:00:20.689034+00:00,1185.5,6.0,7402,1,3,tablet,,
513972,31755,174473,Altitude (2017),Action,u31755-m174473-s1,seek_forward,2018-06-09T06:00:29.564818+00:00,1727.9,9.0,7402,1,3,tablet,,
513973,31755,174473,Altitude (2017),Action,u31755-m174473-s1,pause,2018-06-09T06:01:03.633979+00:00,1727.9,9.0,7402,1,3,tablet,,
513974,31755,174473,Altitude (2017),Action,u31755-m174473-s1,pause,2018-06-09T06:01:19.821696+00:00,1727.9,9.0,7402,1,3,tablet,,
513975,31755,174473,Altitude (2017),Action,u31755-m174473-s1,segment_watch,2018-06-09T06:03:56.449839+00:00,1904.9,10.0,7402,1,3,tablet,,
513976,31755,174473,Altitude (2017),Action,u31755-m174473-s1,segment_watch,2018-06-09T06:05:17.713685+00:00,2081.8,11.0,7402,1,3,tablet,,
513977,31755,174473,Altitude (2017),Action,u31755-m174473-s1,segment_watch,2018-06-09T06:07:50.359881+00:00,2247.8,12.0,7402,1,3,tablet,,
513978,31755,174473,Altitude (2017),Action,u31755-m174473-s1,segment_watch,2018-06-09T06:10:16.946062+00:00,2441.0,13.0,7402,1,3,tablet,,
513979,31755,174473,Altitude (2017),Action,u31755-m174473-s1,segment_watch,2018-06-09T06:12:28.681004+00:00,2624.2,14.0,7402,1,3,tablet,,
513980,31755,174473,Altitude (2017),Action,u31755-m174473-s1,segment_watch,2018-06-09T06:16:10.414059+00:00,2812.2,15.0,7402,1,3,tablet,,
513981,31755,174473,Altitude (2017),Action,u31755-m174473-s1,pause,2018-06-09T06:21:53.789400+00:00,2812.2,15.0,7402,1,3,tablet,,
513982,31755,174473,Altitude (2017),Action,u31755-m174473-s1,segment_watch,2018-06-09T06:23:51.214395+00:00,2994.5,16.0,7402,1,3,tablet,,
513983,31755,174473,Altitude (2017),Action,u31755-m174473-s1,pause,2018-06-09T06:26:49.585740+00:00,2994.5,16.0,7402,1,3,tablet,,
513984,31755,174473,Altitude (2017),Action,u31755-m174473-s1,pause,2018-06-09T06:27:38.605520+00:00,2994.5,16.0,7402,1,3,tablet,,
513985,31755,174473,Altitude (2017),Action,u31755-m174473-s1,segment_watch,2018-06-09T06:29:15.953266+00:00,3176.5,17.0,7402,1,3,tablet,,
513986,31755,174473,Altitude (2017),Action,u31755-m174473-s1,seek_forward,2018-06-09T06:29:34.443889+00:00,3494.8,19.0,7402,1,3,tablet,,
513987,31755,174473,Altitude (2017),Action,u31755-m174473-s1,drop_off,2018-06-09T06:30:24.332435+00:00,3215.6,17.0,7402,1,3,tablet,,
514053,31755,174473,Altitude (2017),Action,u31755-m174473-s1,rating_given,2018-06-09T09:20:49.687429+00:00,,,7402,1,3,mobile,,2.5
3893870,22334,71535,Zombieland (2009),Action,u22334-m71535-s2,session_start,2018-10-30T09:32:35.517158+00:00,0.0,,5389,2,4,mobile,,
3893871,22334,71535,Zombieland (2009),Action,u22334-m71535-s2,segment_watch,2018-10-30T09:34:26.691274+00:00,190.5,1.0,5389,2,4,mobile,,
3893872,22334,71535,Zombieland (2009),Action,u22334-m71535-s2,segment_watch,2018-10-30T09:37:07.514047+00:00,386.4,2.0,5389,2,4,mobile,,
3893873,22334,71535,Zombieland (2009),Action,u22334-m71535-s2,segment_watch,2018-10-30T09:39:02.360410+00:00,549.2,3.0,5389,2,4,mobile,,
3893874,22334,71535,Zombieland (2009),Action,u22334-m71535-s2,segment_watch,2018-10-30T09:41:09.275267+00:00,727.5,4.0,5389,2,4,mobile,,
3893875,22334,71535,Zombieland (2009),Action,u22334-m71535-s2,segment_watch,2018-10-30T09:47:20.196313+00:00,1093.0,6.0,5389,2,4,mobile,,
3893876,22334,71535,Zombieland (2009),Action,u22334-m71535-s2,segment_watch,2018-10-30T09:49:22.145575+00:00,1272.3,7.0,5389,2,4,mobile,,
3893877,22334,71535,Zombieland (2009),Action,u22334-m71535-s2,segment_watch,2018-10-30T09:51:57.317537+00:00,1458.6,8.0,5389,2,4,mobile,,
3893878,22334,71535,Zombieland (2009),Action,u22334-m71535-s2,pause,2018-10-30T09:52:50.361448+00:00,1458.6,8.0,5389,2,4,mobile,,
3893879,22334,71535,Zombieland (2009),Action,u22334-m71535-s2,pause,2018-10-30T09:53:22.738714+00:00,1458.6,8.0,5389,2,4,mobile,,
3893880,22334,71535,Zombieland (2009),Action,u22334-m71535-s2,segment_watch,2018-10-30T09:55:36.123855+00:00,1645.4,9.0,5389,2,4,mobile,,
3893881,22334,71535,Zombieland (2009),Action,u22334-m71535-s2,segment_watch,2018-10-30T09:57:34.512638+00:00,1823.2,10.0,5389,2,4,mobile,,
3893882,22334,71535,Zombieland (2009),Action,u22334-m71535-s2,segment_watch,2018-10-30T10:01:23.534496+00:00,2016.8,11.0,5389,2,4,mobile,,
3893883,22334,71535,Zombieland (2009),Action,u22334-m71535-s2,segment_watch,2018-10-30T10:02:46.711861+00:00,2192.4,12.0,5389,2,4,mobile,,
3893884,22334,71535,Zombieland (2009),Action,u22334-m71535-s2,pause,2018-10-30T10:03:06.095783+00:00,2192.4,12.0,5389,2,4,mobile,,
3893885,22334,71535,Zombieland (2009),Action,u22334-m71535-s2,pause,2018-10-30T10:03:59.782039+00:00,2192.4,12.0,5389,2,4,mobile,,
3893886,22334,71535,Zombieland (2009),Action,u22334-m71535-s2,pause,2018-10-30T10:05:13.513218+00:00,2192.4,12.0,5389,2,4,mobile,,
3893887,22334,71535,Zombieland (2009),Action,u22334-m71535-s2,segment_watch,2018-10-30T10:08:34.092290+00:00,2383.2,13.0,5389,2,4,mobile,,
3893888,22334,71535,Zombieland (2009),Action,u22334-m71535-s2,segment_watch,2018-10-30T10:12:01.546631+00:00,2580.9,14.0,5389,2,4,mobile,,
3893889,22334,71535,Zombieland (2009),Action,u22334-m71535-s2,seek_backward,2018-10-30T10:12:09.036739+00:00,2683.9,14.0,5389,2,4,mobile,,
3893890,22334,71535,Zombieland (2009),Action,u22334-m71535-s2,segment_watch,2018-10-30T10:13:38.799414+00:00,2881.8,16.0,5389,2,4,mobile,,
3893891,22334,71535,Zombieland (2009),Action,u22334-m71535-s2,pause,2018-10-30T10:15:20.808390+00:00,3049.8,16.0,5389,2,4,mobile,,
3893892,22334,71535,Zombieland (2009),Action,u22334-m71535-s2,segment_watch,2018-10-30T10:17:49.446026+00:00,3241.8,18.0,5389,2,4,mobile,,
3893893,22334,71535,Zombieland (2009),Action,u22334-m71535-s2,segment_watch,2018-10-30T10:21:31.636835+00:00,3596.5,19.0,5389,2,4,mobile,,
3893894,22334,71535,Zombieland (2009),Action,u22334-m71535-s2,segment_watch,2018-10-30T10:23:37.631376+00:00,3767.8,20.0,5389,2,4,mobile,,
3893895,22334,71535,Zombieland (2009),Action,u22334-m71535-s2,segment_watch,2018-10-30T10:28:07.047029+00:00,3950.1,21.0,5389,2,4,mobile,,
3893896,22334,71535,Zombieland (2009),Action,u22334-m71535-s2,segment_watch,2018-10-30T10:31:32.696740+00:00,4117.6,22.0,5389,2,4,mobile,,
3893897,22334,71535,Zombieland (2009),Action,u22334-m71535-s2,segment_watch,2018-10-30T10:34:58.108663+00:00,4290.1,23.0,5389,2,4,mobile,,
3893898,22334,71535,Zombieland (2009),Action,u22334-m71535-s2,segment_watch,2018-10-30T10:37:09.408893+00:00,4453.1,24.0,5389,2,4,mobile,,
3893899,22334,71535,Zombieland (2009),Action,u22334-m71535-s2,segment_watch,2018-10-30T10:38:56.834832+00:00,4636.7,25.0,5389,2,4,mobile,,
3893900,22334,71535,Zombieland (2009),Action,u22334-m71535-s2,pause,2018-10-30T10:40:38.451380+00:00,4636.7,25.0,5389,2,4,mobile,,
3893901,22334,71535,Zombieland (2009),Action,u22334-m71535-s2,segment_watch,2018-10-30T10:42:09.202298+00:00,4821.8,26.0,5389,2,4,mobile,,
3893902,22334,71535,Zombieland (2009),Action,u22334-m71535-s2,pause,2018-10-30T10:43:02.841057+00:00,4821.8,26.0,5389,2,4,mobile,,
3893903,22334,71535,Zombieland (2009),Action,u22334-m71535-s2,segment_watch,2018-10-30T10:44:54.598680+00:00,5016.9,27.0,5389,2,4,mobile,,
3893904,22334,71535,Zombieland (2009),Action,u22334-m71535-s2,seek_forward,2018-10-30T10:45:24.085633+00:00,5402.1,30.0,5389,2,4,mobile,,
3893905,22334,71535,Zombieland (2009),Action,u22334-m71535-s2,session_end,2018-10-30T10:45:44.798597+00:00,5389.0,29.0,5389,2,4,mobile,,
3064913,132272,1527,"Fifth Element, The (1997)",Action,u132272-m1527-s1,session_start,2018-11-10T13:26:58.037928+00:00,0.0,,5933,1,1,mobile,,
3064914,132272,1527,"Fifth Element, The (1997)",Action,u132272-m1527-s1,pause,2018-11-10T13:28:33.148888+00:00,0.0,0.0,5933,1,1,mobile,,
3064915,132272,1527,"Fifth Element, The (1997)",Action,u132272-m1527-s1,seek_forward,2018-11-10T13:29:01.782536+00:00,607.6,3.0,5933,1,1,mobile,,
3064916,132272,1527,"Fifth Element, The (1997)",Action,u132272-m1527-s1,pause,2018-11-10T13:29:52.826738+00:00,607.6,3.0,5933,1,1,mobile,,
3064917,132272,1527,"Fifth Element, The (1997)",Action,u132272-m1527-s1,segment_watch,2018-11-10T13:31:10.709155+00:00,788.7,4.0,5933,1,1,mobile,,
3064918,132272,1527,"Fifth Element, The (1997)",Action,u132272-m1527-s1,segment_watch,2018-11-10T13:33:28.912884+00:00,974.3,5.0,5933,1,1,mobile,,
3064919,132272,1527,"Fifth Element, The (1997)",Action,u132272-m1527-s1,seek_forward,2018-11-10T13:33:46.815432+00:00,1667.2,9.0,5933,1,1,mobile,,
3064920,132272,1527,"Fifth Element, The (1997)",Action,u132272-m1527-s1,pause,2018-11-10T13:34:50.275937+00:00,1667.2,9.0,5933,1,1,mobile,,
3064921,132272,1527,"Fifth Element, The (1997)",Action,u132272-m1527-s1,pause,2018-11-10T13:35:29.505869+00:00,1667.2,9.0,5933,1,1,mobile,,
3064922,132272,1527,"Fifth Element, The (1997)",Action,u132272-m1527-s1,segment_watch,2018-11-10T13:36:25.389326+00:00,1834.1,10.0,5933,1,1,mobile,,
3064923,132272,1527,"Fifth Element, The (1997)",Action,u132272-m1527-s1,pause,2018-11-10T13:36:33.251194+00:00,1834.1,10.0,5933,1,1,mobile,,
3064924,132272,1527,"Fifth Element, The (1997)",Action,u132272-m1527-s1,segment_watch,2018-11-10T13:38:22.628522+00:00,2006.8,11.0,5933,1,1,mobile,,
3064925,132272,1527,"Fifth Element, The (1997)",Action,u132272-m1527-s1,pause,2018-11-10T13:38:56.220843+00:00,2006.8,11.0,5933,1,1,mobile,,
3064926,132272,1527,"Fifth Element, The (1997)",Action,u132272-m1527-s1,segment_watch,2018-11-10T13:40:45.228066+00:00,2195.6,12.0,5933,1,1,mobile,,
3064927,132272,1527,"Fifth Element, The (1997)",Action,u132272-m1527-s1,segment_watch,2018-11-10T13:43:28.460773+00:00,2375.9,13.0,5933,1,1,mobile,,
3064928,132272,1527,"Fifth Element, The (1997)",Action,u132272-m1527-s1,seek_forward,2018-11-10T13:43:38.852761+00:00,2674.1,14.0,5933,1,1,mobile,,
3064929,132272,1527,"Fifth Element, The (1997)",Action,u132272-m1527-s1,segment_watch,2018-11-10T13:45:36.260821+00:00,2869.4,15.0,5933,1,1,mobile,,
3064930,132272,1527,"Fifth Element, The (1997)",Action,u132272-m1527-s1,segment_watch,2018-11-10T13:48:04.771353+00:00,3059.0,16.0,5933,1,1,mobile,,
3064931,132272,1527,"Fifth Element, The (1997)",Action,u132272-m1527-s1,segment_watch,2018-11-10T13:49:28.136354+00:00,3255.9,18.0,5933,1,1,mobile,,
3064932,132272,1527,"Fifth Element, The (1997)",Action,u132272-m1527-s1,pause,2018-11-10T13:50:23.080757+00:00,3255.9,18.0,5933,1,1,mobile,,
3064933,132272,1527,"Fifth Element, The (1997)",Action,u132272-m1527-s1,segment_watch,2018-11-10T13:52:21.136656+00:00,3449.9,19.0,5933,1,1,mobile,,
3064934,132272,1527,"Fifth Element, The (1997)",Action,u132272-m1527-s1,pause,2018-11-10T13:53:34.083622+00:00,3449.9,19.0,5933,1,1,mobile,,
3064935,132272,1527,"Fifth Element, The (1997)",Action,u132272-m1527-s1,segment_watch,2018-11-10T13:57:12.871318+00:00,3637.8,20.0,5933,1,1,mobile,,
3064936,132272,1527,"Fifth Element, The (1997)",Action,u132272-m1527-s1,pause,2018-11-10T13:58:01.865599+00:00,3637.8,20.0,5933,1,1,mobile,,
3064937,132272,1527,"Fifth Element, The (1997)",Action,u132272-m1527-s1,segment_watch,2018-11-10T14:00:28.178891+00:00,3818.2,21.0,5933,1,1,mobile,,
3064938,132272,1527,"Fifth Element, The (1997)",Action,u132272-m1527-s1,segment_watch,2018-11-10T14:02:23.982588+00:00,4011.7,22.0,5933,1,1,mobile,,
3064939,132272,1527,"Fifth Element, The (1997)",Action,u132272-m1527-s1,segment_watch,2018-11-10T14:03:43.964476+00:00,4200.9,23.0,5933,1,1,mobile,,
3064940,132272,1527,"Fifth Element, The (1997)",Action,u132272-m1527-s1,seek_forward,2018-11-10T14:03:49.927520+00:00,4417.9,24.0,5933,1,1,mobile,,
3064941,132272,1527,"Fifth Element, The (1997)",Action,u132272-m1527-s1,segment_watch,2018-11-10T14:04:59.552233+00:00,4614.7,25.0,5933,1,1,mobile,,
3064942,132272,1527,"Fifth Element, The (1997)",Action,u132272-m1527-s1,segment_watch,2018-11-10T14:07:10.534597+00:00,4799.1,26.0,5933,1,1,mobile,,
3064943,132272,1527,"Fifth Element, The (1997)",Action,u132272-m1527-s1,segment_watch,2018-11-10T14:09:53.193959+00:00,4984.0,27.0,5933,1,1,mobile,,
3064944,132272,1527,"Fifth Element, The (1997)",Action,u132272-m1527-s1,segment_watch,2018-11-10T14:11:55.914346+00:00,5181.4,28.0,5933,1,1,mobile,,
3064945,132272,1527,"Fifth Element, The (1997)",Action,u132272-m1527-s1,segment_watch,2018-11-10T14:14:55.033748+00:00,5370.8,29.0,5933,1,1,mobile,,
3064946,132272,1527,"Fifth Element, The (1997)",Action,u132272-m1527-s1,pause,2018-11-10T14:15:25.641469+00:00,5370.8,29.0,5933,1,1,mobile,,
3064947,132272,1527,"Fifth Element, The (1997)",Action,u132272-m1527-s1,segment_watch,2018-11-10T14:18:29.619325+00:00,5568.7,30.0,5933,1,1,mobile,,
3064948,132272,1527,"Fifth Element, The (1997)",Action,u132272-m1527-s1,segment_watch,2018-11-10T14:21:35.184337+00:00,5765.0,32.0,5933,1,1,mobile,,
3064949,132272,1527,"Fifth Element, The (1997)",Action,u132272-m1527-s1,session_end,2018-11-10T14:22:17.156749+00:00,5765.0,32.0,5933,1,1,mobile,,
3064950,132272,1527,"Fifth Element, The (1997)",Action,u132272-m1527-s1,rating_given,2018-11-10T15:32:55.420327+00:00,,,5933,1,1,tablet,,5.0
2716713,69020,4975,Vanilla Sky (2001),Mystery,u69020-m4975-s1,session_start,2018-12-22T21:01:51.200021+00:00,0.0,,8966,1,4,smart_tv,,
2716714,69020,4975,Vanilla Sky (2001),Mystery,u69020-m4975-s1,segment_watch,2018-12-22T21:04:04.450811+00:00,171.9,0.0,8966,1,4,smart_tv,,
2716715,69020,4975,Vanilla Sky (2001),Mystery,u69020-m4975-s1,pause,2018-12-22T21:04:18.689346+00:00,171.9,0.0,8966,1,4,smart_tv,,
2716716,69020,4975,Vanilla Sky (2001),Mystery,u69020-m4975-s1,segment_watch,2018-12-22T21:05:50.725905+00:00,343.3,1.0,8966,1,4,smart_tv,,
2716717,69020,4975,Vanilla Sky (2001),Mystery,u69020-m4975-s1,seek_forward,2018-12-22T21:06:35.801019+00:00,592.9,3.0,8966,1,4,smart_tv,,
2716718,69020,4975,Vanilla Sky (2001),Mystery,u69020-m4975-s1,seek_forward,2018-12-22T21:06:58.541619+00:00,1030.7,5.0,8966,1,4,smart_tv,,
2716719,69020,4975,Vanilla Sky (2001),Mystery,u69020-m4975-s1,pause,2018-12-22T21:07:24.469565+00:00,1030.7,5.0,8966,1,4,smart_tv,,
2716720,69020,4975,Vanilla Sky (2001),Mystery,u69020-m4975-s1,segment_watch,2018-12-22T21:10:30.774980+00:00,1223.0,6.0,8966,1,4,smart_tv,,
2716721,69020,4975,Vanilla Sky (2001),Mystery,u69020-m4975-s1,segment_watch,2018-12-22T21:11:55.909055+00:00,1387.7,7.0,8966,1,4,smart_tv,,
2716722,69020,4975,Vanilla Sky (2001),Mystery,u69020-m4975-s1,segment_watch,2018-12-22T21:13:02.941228+00:00,1570.0,8.0,8966,1,4,smart_tv,,
2716723,69020,4975,Vanilla Sky (2001),Mystery,u69020-m4975-s1,segment_watch,2018-12-22T21:14:38.464477+00:00,1757.6,9.0,8966,1,4,smart_tv,,
2716724,69020,4975,Vanilla Sky (2001),Mystery,u69020-m4975-s1,segment_watch,2018-12-22T21:16:39.921762+00:00,1932.5,10.0,8966,1,4,smart_tv,,
2716725,69020,4975,Vanilla Sky (2001),Mystery,u69020-m4975-s1,segment_watch,2018-12-22T21:19:23.338632+00:00,2119.7,11.0,8966,1,4,smart_tv,,
2716726,69020,4975,Vanilla Sky (2001),Mystery,u69020-m4975-s1,segment_watch,2018-12-22T21:24:05.619930+00:00,2287.0,12.0,8966,1,4,smart_tv,,
2716727,69020,4975,Vanilla Sky (2001),Mystery,u69020-m4975-s1,seek_forward,2018-12-22T21:24:47.077835+00:00,2781.7,15.0,8966,1,4,smart_tv,,
2716728,69020,4975,Vanilla Sky (2001),Mystery,u69020-m4975-s1,pause,2018-12-22T21:25:26.821398+00:00,2781.7,15.0,8966,1,4,smart_tv,,
2716729,69020,4975,Vanilla Sky (2001),Mystery,u69020-m4975-s1,segment_watch,2018-12-22T21:30:23.764160+00:00,2971.5,16.0,8966,1,4,smart_tv,,
2716730,69020,4975,Vanilla Sky (2001),Mystery,u69020-m4975-s1,segment_watch,2018-12-22T21:32:40.784293+00:00,3168.6,17.0,8966,1,4,smart_tv,,
2716731,69020,4975,Vanilla Sky (2001),Mystery,u69020-m4975-s1,segment_watch,2018-12-22T21:34:06.492084+00:00,3336.9,18.0,8966,1,4,smart_tv,,
2716732,69020,4975,Vanilla Sky (2001),Mystery,u69020-m4975-s1,segment_watch,2018-12-22T21:36:17.983645+00:00,3527.1,19.0,8966,1,4,smart_tv,,
2716733,69020,4975,Vanilla Sky (2001),Mystery,u69020-m4975-s1,pause,2018-12-22T21:37:38.194856+00:00,3527.1,19.0,8966,1,4,smart_tv,,
2716734,69020,4975,Vanilla Sky (2001),Mystery,u69020-m4975-s1,segment_watch,2018-12-22T21:39:31.041605+00:00,3717.5,20.0,8966,1,4,smart_tv,,
2716735,69020,4975,Vanilla Sky (2001),Mystery,u69020-m4975-s1,segment_watch,2018-12-22T21:40:50.502982+00:00,3906.6,21.0,8966,1,4,smart_tv,,
2716736,69020,4975,Vanilla Sky (2001),Mystery,u69020-m4975-s1,segment_watch,2018-12-22T21:43:07.620618+00:00,4101.5,22.0,8966,1,4,smart_tv,,
2716737,69020,4975,Vanilla Sky (2001),Mystery,u69020-m4975-s1,segment_watch,2018-12-22T21:44:22.967417+00:00,4279.3,23.0,8966,1,4,smart_tv,,
2716738,69020,4975,Vanilla Sky (2001),Mystery,u69020-m4975-s1,segment_watch,2018-12-22T21:47:08.927310+00:00,4451.9,24.0,8966,1,4,smart_tv,,
2716739,69020,4975,Vanilla Sky (2001),Mystery,u69020-m4975-s1,segment_watch,2018-12-22T21:48:58.095323+00:00,4642.6,25.0,8966,1,4,smart_tv,,
2716740,69020,4975,Vanilla Sky (2001),Mystery,u69020-m4975-s1,segment_watch,2018-12-22T21:50:34.372291+00:00,4811.8,26.0,8966,1,4,smart_tv,,
2716741,69020,4975,Vanilla Sky (2001),Mystery,u69020-m4975-s1,pause,2018-12-22T21:51:51.469852+00:00,4811.8,26.0,8966,1,4,smart_tv,,
2716742,69020,4975,Vanilla Sky (2001),Mystery,u69020-m4975-s1,segment_watch,2018-12-22T21:55:41.715915+00:00,4976.4,27.0,8966,1,4,smart_tv,,
2716743,69020,4975,Vanilla Sky (2001),Mystery,u69020-m4975-s1,segment_watch,2018-12-22T21:56:56.226362+00:00,5168.2,28.0,8966,1,4,smart_tv,,
2716744,69020,4975,Vanilla Sky (2001),Mystery,u69020-m4975-s1,segment_watch,2018-12-22T21:58:47.089453+00:00,5336.4,29.0,8966,1,4,smart_tv,,
2716745,69020,4975,Vanilla Sky (2001),Mystery,u69020-m4975-s1,pause,2018-12-22T21:59:31.681560+00:00,5336.4,29.0,8966,1,4,smart_tv,,
2716746,69020,4975,Vanilla Sky (2001),Mystery,u69020-m4975-s1,segment_watch,2018-12-22T22:03:01.587391+00:00,5522.4,30.0,8966,1,4,smart_tv,,
2716747,69020,4975,Vanilla Sky (2001),Mystery,u69020-m4975-s1,segment_watch,2018-12-22T22:06:01.165578+00:00,5692.4,31.0,8966,1,4,smart_tv,,
2716748,69020,4975,Vanilla Sky (2001),Mystery,u69020-m4975-s1,pause,2018-12-22T22:06:23.424007+00:00,5692.4,31.0,8966,1,4,smart_tv,,
2716749,69020,4975,Vanilla Sky (2001),Mystery,u69020-m4975-s1,segment_watch,2018-12-22T22:08:58.871857+00:00,5876.8,32.0,8966,1,4,smart_tv,,
2716750,69020,4975,Vanilla Sky (2001),Mystery,u69020-m4975-s1,segment_watch,2018-12-22T22:10:50.300452+00:00,6061.7,33.0,8966,1,4,smart_tv,,
2716751,69020,4975,Vanilla Sky (2001),Mystery,u69020-m4975-s1,segment_watch,2018-12-22T22:14:07.058778+00:00,6230.3,34.0,8966,1,4,smart_tv,,
2716752,69020,4975,Vanilla Sky (2001),Mystery,u69020-m4975-s1,pause,2018-12-22T22:15:08.713844+00:00,6230.3,34.0,8966,1,4,smart_tv,,
2716753,69020,4975,Vanilla Sky (2001),Mystery,u69020-m4975-s1,pause,2018-12-22T22:15:13.304439+00:00,6230.3,34.0,8966,1,4,smart_tv,,
2716754,69020,4975,Vanilla Sky (2001),Mystery,u69020-m4975-s1,pause,2018-12-22T22:15:38.752129+00:00,6230.3,34.0,8966,1,4,smart_tv,,
2716755,69020,4975,Vanilla Sky (2001),Mystery,u69020-m4975-s1,segment_watch,2018-12-22T22:18:08.739092+00:00,6393.2,35.0,8966,1,4,smart_tv,,
2716756,69020,4975,Vanilla Sky (2001),Mystery,u69020-m4975-s1,segment_watch,2018-12-22T22:22:07.450125+00:00,6568.4,36.0,8966,1,4,smart_tv,,
2716757,69020,4975,Vanilla Sky (2001),Mystery,u69020-m4975-s1,segment_watch,2018-12-22T22:24:12.559542+00:00,6753.1,37.0,8966,1,4,smart_tv,,
2716758,69020,4975,Vanilla Sky (2001),Mystery,u69020-m4975-s1,seek_forward,2018-12-22T22:24:30.494286+00:00,7354.1,40.0,8966,1,4,smart_tv,,
2716759,69020,4975,Vanilla Sky (2001),Mystery,u69020-m4975-s1,drop_off,2018-12-22T22:25:02.735347+00:00,6775.4,37.0,8966,1,4,smart_tv,,
2716870,69020,4975,Vanilla Sky (2001),Mystery,u69020-m4975-s1,rating_given,2018-12-22T23:18:21.405853+00:00,,,8966,1,4,smart_tv,,3.0
1916850,71915,8372,Garfield: The Movie (2004),Animation,u71915-m8372-s1,session_start,2019-09-20T14:48:57.225068+00:00,0.0,,6241,1,1,tablet,,
1916851,71915,8372,Garfield: The Movie (2004),Animation,u71915-m8372-s1,segment_watch,2019-09-20T14:51:21.705197+00:00,196.6,1.0,6241,1,1,tablet,,
1916852,71915,8372,Garfield: The Movie (2004),Animation,u71915-m8372-s1,pause,2019-09-20T14:51:43.768752+00:00,196.6,1.0,6241,1,1,tablet,,
1916853,71915,8372,Garfield: The Movie (2004),Animation,u71915-m8372-s1,segment_watch,2019-09-20T14:53:29.320266+00:00,388.5,2.0,6241,1,1,tablet,,
1916854,71915,8372,Garfield: The Movie (2004),Animation,u71915-m8372-s1,segment_watch,2019-09-20T14:56:10.950499+00:00,586.4,3.0,6241,1,1,tablet,,
1916855,71915,8372,Garfield: The Movie (2004),Animation,u71915-m8372-s1,pause,2019-09-20T15:00:09.005195+00:00,586.4,3.0,6241,1,1,tablet,,
1916856,71915,8372,Garfield: The Movie (2004),Animation,u71915-m8372-s1,segment_watch,2019-09-20T15:02:03.060689+00:00,775.4,4.0,6241,1,1,tablet,,
1916857,71915,8372,Garfield: The Movie (2004),Animation,u71915-m8372-s1,segment_watch,2019-09-20T15:04:01.056107+00:00,948.7,5.0,6241,1,1,tablet,,
1916858,71915,8372,Garfield: The Movie (2004),Animation,u71915-m8372-s1,segment_watch,2019-09-20T15:05:13.851324+00:00,1146.7,6.0,6241,1,1,tablet,,
1916859,71915,8372,Garfield: The Movie (2004),Animation,u71915-m8372-s1,segment_watch,2019-09-20T15:06:46.188358+00:00,1331.1,7.0,6241,1,1,tablet,,
1916860,71915,8372,Garfield: The Movie (2004),Animation,u71915-m8372-s1,segment_watch,2019-09-20T15:09:03.922414+00:00,1499.7,8.0,6241,1,1,tablet,,
1916861,71915,8372,Garfield: The Movie (2004),Animation,u71915-m8372-s1,segment_watch,2019-09-20T15:11:11.757613+00:00,1681.5,9.0,6241,1,1,tablet,,
1916862,71915,8372,Garfield: The Movie (2004),Animation,u71915-m8372-s1,segment_watch,2019-09-20T15:13:46.676241+00:00,1878.3,10.0,6241,1,1,tablet,,
1916863,71915,8372,Garfield: The Movie (2004),Animation,u71915-m8372-s1,pause,2019-09-20T15:14:48.692811+00:00,1878.3,10.0,6241,1,1,tablet,,
1916864,71915,8372,Garfield: The Movie (2004),Animation,u71915-m8372-s1,pause,2019-09-20T15:15:33.712391+00:00,1878.3,10.0,6241,1,1,tablet,,
1916865,71915,8372,Garfield: The Movie (2004),Animation,u71915-m8372-s1,segment_watch,2019-09-20T15:17:52.587494+00:00,2051.5,11.0,6241,1,1,tablet,,
1916866,71915,8372,Garfield: The Movie (2004),Animation,u71915-m8372-s1,pause,2019-09-20T15:18:40.733351+00:00,2051.5,11.0,6241,1,1,tablet,,
1916867,71915,8372,Garfield: The Movie (2004),Animation,u71915-m8372-s1,pause,2019-09-20T15:20:53.251018+00:00,2051.5,11.0,6241,1,1,tablet,,
1916868,71915,8372,Garfield: The Movie (2004),Animation,u71915-m8372-s1,pause,2019-09-20T15:23:22.307243+00:00,2051.5,11.0,6241,1,1,tablet,,
1916869,71915,8372,Garfield: The Movie (2004),Animation,u71915-m8372-s1,segment_watch,2019-09-20T15:25:12.623971+00:00,2237.7,12.0,6241,1,1,tablet,,
1916870,71915,8372,Garfield: The Movie (2004),Animation,u71915-m8372-s1,segment_watch,2019-09-20T15:26:45.557570+00:00,2409.5,13.0,6241,1,1,tablet,,
1916871,71915,8372,Garfield: The Movie (2004),Animation,u71915-m8372-s1,segment_watch,2019-09-20T15:29:11.463829+00:00,2604.9,14.0,6241,1,1,tablet,,
1916872,71915,8372,Garfield: The Movie (2004),Animation,u71915-m8372-s1,seek_forward,2019-09-20T15:29:35.965229+00:00,3275.5,18.0,6241,1,1,tablet,,
1916873,71915,8372,Garfield: The Movie (2004),Animation,u71915-m8372-s1,drop_off,2019-09-20T15:29:50.499687+00:00,2730.0,15.0,6241,1,1,tablet,,
1916874,71915,8372,Garfield: The Movie (2004),Animation,u71915-m8372-s1,rating_given,2019-09-20T18:00:44.103599+00:00,,,6241,1,1,web,,3.0
